author,index,project,commit_fix,url_issue,repo_url,file,function,n_try_pass,n_generic_except,n_nested_try,n_bare_except,n_captures_misplaced_bare_raise,n_captures_broad_raise,n_bare_raise_finally,has_smell,exists_anti_pattern,anti_pattern_add,anti_pattern_added_name,anti_pattern_removed,anti_pattern_rem_name,fix_to_only_rem_anti_pattern,comments
2,312,pandas,89ad14ddd49287dfed1b4586be2d2f8a3d723868,https://github.com/pandas-dev/pandas/issues/2971,https://github.com/pandas-dev/pandas,2,29,3,5,0,1,0,0,0,9,Y,Y,Bare Raise Block,N,,N,
2,17,ansible,26fff6f5c32fa4396a8c72872c729b367739499c,https://github.com/ansible/ansible/issues/59527,https://github.com/ansible/ansible,2,32,1,5,0,0,0,3,0,9,Y,Y,Too Broad Except,Y,Too Broad Except,N,"Marquei que o antipattern foi adicionado e removido, porque ele já existia no código removido e continuou a existir no código inserido."
2,337,pipenv,baef2e78a632168bddce0a428969b9f6fb32693c,https://github.com/pypa/pipenv/issues/3017,https://github.com/pypa/pipenv,60,596,20,11,2,0,1,3,0,37,N,N,,N,,,"Alguns PRs eu marquei em vermelho pelos seguinte motivos: a modificação foi extremamente grande, quase impossível de analisar todos os arquivos; Não consegui identificar o commit; Algums PRs são de bots e tem várias referências cruzadas para outras do mesmo bot. "
2,197,jupyterhub,cb25d29b0bab438b5fd68b92036e0e25134b7ace,https://github.com/jupyterhub/jupyterhub/issues/3837,https://github.com/jupyterhub/jupyterhub,1,1,0,1,0,0,0,0,0,1,Y,Y,Try and Return,Y,Try and Return,N,
2,189,ipython,811d52cc05312485b22c67b07d9161eb42c60646,https://github.com/ipython/ipython/issues/5790,https://github.com/ipython/ipython,2,68,4,6,0,5,0,0,0,15,Y,Y,Swallowing Exceptions,Y,Swallowing Exceptions,N,
2,261,numpy,0282bcdf737998fcde04e2101f9e44dcf8450888,https://github.com/numpy/numpy/issues/5762,https://github.com/numpy/numpy,29,834,15,2,0,26,0,0,0,43,Y,Y,Bare Raise Block,N,,N,
2,198,kornia,f7c7aeb1be64bb2c918ec6b2d6abcac447246197,https://github.com/kornia/kornia/issues/2,https://github.com/kornia/kornia,2,31,4,0,0,0,0,0,0,4,Y,Y,Bare Raise Block,N,,N,
2,106,ansible,fbff0449ce08fe2a57724e66938886e203173611,https://github.com/ansible/ansible/issues/10422,https://github.com/ansible/ansible,1,24,0,0,0,0,0,2,0,2,N,N,,N,,,
2,107,ansible,fd65f037f8c1f4ccd110454a40df15dcadd4cbb4,https://github.com/ansible/ansible/issues/56245,https://github.com/ansible/ansible,1,14,2,4,1,0,0,0,0,7,N,N,,N,,,
2,406,salt,2cca37c5bdccf879aa95e561cb72291e5cd3ce3c,https://github.com/saltstack/salt/issues/20496,https://github.com/saltstack/salt,1,13,0,0,0,1,0,0,0,1,Y,Y,Bare Except Catch Block,N,,N,
2,188,ipython,5f4fbef704d6cd5984d4ce71166425f2a9be7e2e,https://github.com/ipython/ipython/issues/875,https://github.com/ipython/ipython,2,49,1,1,0,1,0,0,0,3,Y,Y,"Swallowing Exceptions, Bare Raise Block",Y,Bare Raise Block,N,
2,421,scipy,954fc2e3a46b3f9aa6a087145e646f55796c4194,https://github.com/scipy/scipy/issues/1042,https://github.com/scipy/scipy,1,35,0,0,0,2,0,0,0,2,N,N,,N,,,
2,183,httpx,ab9cd0ea112c703c91cf5a57b61ba2376ab39dac,https://github.com/encode/httpx/issues/153,https://github.com/encode/httpx,4,57,1,0,0,0,0,0,0,1,Y,Y,"Bare Raise Block, Swallowing Exceptions",N,,N,
2,320,pandas,af2a7208a9e1c97e5973538eac34179199c82af7,https://github.com/pandas-dev/pandas/issues/2781,https://github.com/pandas-dev/pandas,2,186,8,1,1,1,0,0,0,11,Y,Y,Bare Raise Block,N,,N,
2,331,pillow,2d06d8550fb8823220d776cb56af98106a9cee51,https://github.com/python-pillow/pillow/issues/2359,https://github.com/python-pillow/pillow,2,15,2,0,1,2,0,0,0,5,Y,Y,Swallowing Exceptions,N,,N,
2,103,ansible,f48fa3759adfa92c9ed618e771c4cf8b136b0470,https://github.com/ansible/ansible/issues/8614,https://github.com/ansible/ansible,1,39,1,2,0,3,0,1,0,7,N,N,,N,,,
2,99,ansible,e166946a0a13e0b2606396b6dd3069c4ddf0582f,https://github.com/ansible/ansible/issues/36923,https://github.com/ansible/ansible,2,44,3,0,0,0,0,0,0,3,Y,N,,Y,Swallowing Exceptions,Y,
2,330,pgcli,d25d27846a3f3ed7eb673a93cc9e7691b99fe36b,https://github.com/dbcli/pgcli/issues/1014,https://github.com/dbcli/pgcli,1,34,3,1,1,0,0,0,0,5,Y,Y,Swallowing Exceptions,N,,N,
2,3,ansible,05879d331ae23b9c4a77b70425c3f8e48ab2e8ea,https://github.com/ansible/ansible/issues/20356,https://github.com/ansible/ansible,1,11,2,0,0,0,0,0,0,2,N,N,,N,,,
2,126,celery,6dd385258297c89843bfe73299e5f7eebf0e98e2,https://github.com/celery/celery/issues/6746,https://github.com/celery/celery,5,424,9,7,1,0,0,0,0,17,Y,Y,"Swallowing Exceptions, Bare Raise Block",N,,N,
2,301,pandas,331093e204d7ae80f88cabd52de69be1ca007e9a,https://github.com/pandas-dev/pandas/issues/34875,https://github.com/pandas-dev/pandas,4,327,1,0,0,0,0,0,0,1,Y,Y,Bare Raise Block,Y,Bare Raise Block,N,
2,212,lightning,9bfbd9ea80c4c5daf48800a1ab9a14683a0bc1ce,https://github.com/lightning-ai/lightning/issues/12885,https://github.com/lightning-ai/lightning,5,353,0,2,0,0,0,4,0,6,N,N,,N,,,
2,279,openbbterminal,5fedb8e042ae8b1a81ffc3f81c37e97e3c80d776,https://github.com/openbb-finance/openbbterminal/issues/1364,https://github.com/openbb-finance/openbbterminal,6,41,0,1,0,0,0,0,0,1,Y,Y,Swallowing Exceptions,N,,N,
2,328,pandas,ffe49199d5f319a94f7c08ccd3f59457d26b4999,https://github.com/pandas-dev/pandas/issues/4294,https://github.com/pandas-dev/pandas,2,353,10,7,1,5,0,2,0,25,Y,Y,Bare Except Catch Block,N,,N,
2,92,ansible,d31730d78129d223d0611e2f62561e52bd019e09,https://github.com/ansible/ansible/issues/77170,https://github.com/ansible/ansible,19,396,21,51,5,0,0,8,0,85,N,N,,N,,,
2,83,ansible,c22fbdc8314239ff9d5aa7f7bf65785c1a672add,https://github.com/ansible/ansible/issues/21056,https://github.com/ansible/ansible,1,10,0,14,0,0,0,0,0,14,Y,Y,Too Broad Except,Y,Too Broad Except,N,
2,357,pysyft,7521efd4053f9b6bdb858b8eb2825203beaca5a5,https://github.com/openmined/pysyft/issues/7998,https://github.com/openmined/pysyft,3,77,10,21,0,0,0,1,0,32,N,N,,N,,,
2,117,awx,81bdbef785e184e47da245e082b23ca6122febea,https://github.com/ansible/awx/issues/7881,https://github.com/ansible/awx,1,96,18,4,0,0,0,0,0,22,N,N,,N,,,
2,98,ansible,dfd68e4966a3f7c5c7cbdb0285eb58061febf17e,https://github.com/ansible/ansible/issues/33590,https://github.com/ansible/ansible,1,26,4,0,0,0,0,0,0,4,N,N,,N,,,
2,123,celery,28ebcce5d277839011f7782755ac8452b37d6afe,https://github.com/celery/celery/issues/6481,https://github.com/celery/celery,1,92,2,1,0,0,0,0,0,3,Y,Y,Bare Raise Block,N,,N,
2,410,salt,5099621512514927f32834b97a5c8f335cbe750a,https://github.com/saltstack/salt/issues/22638,https://github.com/saltstack/salt,1,40,5,2,0,0,0,0,0,7,Y,Y,Bare Raise Block,N,,N,
2,28,ansible,44e2cbe7b7bf41703ef2eb45faa1f59962eb3b34,https://github.com/ansible/ansible/issues/50129,https://github.com/ansible/ansible,1,37,0,4,0,0,0,0,0,4,Y,Y,Too Broad Except,Y,Too Broad Except,N,
2,310,pandas,76ddd78ecbb221bc7732ed1131dbda3dd287af57,https://github.com/pandas-dev/pandas/issues/30083,https://github.com/pandas-dev/pandas,2,128,6,0,1,0,0,0,0,7,Y,Y,Swallowing Exceptions,Y,Swallowing Exceptions,N,
2,449,spyder,c3dee651bffd3d2d754b5b16903108527be16e1f,https://github.com/spyder-ide/spyder/issues/336,https://github.com/spyder-ide/spyder,3,118,3,4,0,0,0,0,0,7,N,N,,N,,,
2,116,awx,60e3dfe22c39be56e7b5ae0c5e1dd327cd61c9fd,https://github.com/ansible/awx/issues/1432,https://github.com/ansible/awx,1,26,0,0,0,0,0,3,0,3,N,N,,N,,,
2,77,ansible,b2cd4a62decc43f8960a11c54e02a88bb90c72d6,https://github.com/ansible/ansible/issues/5372,https://github.com/ansible/ansible,1,9,0,0,0,2,0,0,0,2,Y,Y,"Too Broad Except, Bare Except Catch Block",Y,Swallowing Exceptions,N,
2,241,netbox,9c5891f1b6bb1fa38f1d0c735956e4d3c45aaa63,https://github.com/netbox-community/netbox/issues/10929,https://github.com/netbox-community/netbox,1,22,1,0,0,0,0,0,0,1,Y,Y,Bare Raise Block,N,,N,
2,401,salt,0121e725bbb89048fa378e6bd4be384349c57c66,https://github.com/saltstack/salt/issues/62211,https://github.com/saltstack/salt,2,56,3,3,0,0,0,0,0,6,Y,Y,Too Broad Except,Y,Too Broad Except,N,
2,327,pandas,fedb26dc58560189f9a4cbca3e4d5f34f201774a,https://github.com/pandas-dev/pandas/issues/4678,https://github.com/pandas-dev/pandas,2,204,6,11,0,5,0,10,0,32,Y,Y,Bare Raise Block,N,,N,
2,49,ansible,716f3eb6d98af14dc896f4bd3b551c7c85febb6c,https://github.com/ansible/ansible/issues/9511,https://github.com/ansible/ansible,1,11,0,3,1,1,0,1,0,6,Y,Y,Bare Except Catch Block,Y,Bare Except Catch Block,N,
2,68,ansible,96ce4804eefc12a09ed9c316f6d5782f64c5b3c4,https://github.com/ansible/ansible/issues/76783,https://github.com/ansible/ansible,2,60,11,9,1,0,0,0,0,21,N,N,,N,,,
2,461,sqlmap,854a55166c3a095a7128b0b30d90b94622e6ede5,https://github.com/sqlmapproject/sqlmap/issues/588,https://github.com/sqlmapproject/sqlmap,1,48,1,0,0,0,0,0,0,1,Y,Y,Swallowing Exceptions,N,,N,
2,370,python-for-android,85207a01de5781a2b2b480202d170b09a8ccf2f9,https://github.com/kivy/python-for-android/issues/1862,https://github.com/kivy/python-for-android,4,98,5,1,2,0,0,0,0,8,Y,Y,Swallowing Exceptions,Y,Swallowing Exceptions,N,
2,389,ranger,40350d99009cbb537e3a8e6d13ca8f37cfc3a73b,https://github.com/ranger/ranger/issues/1646,https://github.com/ranger/ranger,1,16,7,0,0,0,0,0,0,7,Y,Y,Swallowing Exceptions,Y,Swallowing Exceptions,N,
2,155,gamestonkterminal,09f753da1c2a2f03c41fe6a3ca2eb79f6ea58995,https://github.com/gamestonkterminal/gamestonkterminal/issues/3244,https://github.com/gamestonkterminal/gamestonkterminal,7,167,1,14,0,0,0,1,0,16,Y,Y,Too Broad Except,N,,N,
2,178,glances,2d0d5d608694942ea16ac34e05ae154ccb75365a,https://github.com/nicolargo/glances/issues/348,https://github.com/nicolargo/glances,1,194,4,36,2,2,0,0,0,44,N,N,,N,,,
2,306,pandas,60a2d56acde52c3c03ad3146d56f59ac924f508e,https://github.com/pandas-dev/pandas/issues/45319,https://github.com/pandas-dev/pandas,2,194,4,0,0,0,0,0,0,4,N,N,,N,,,
2,224,mitmproxy,e4ae35dabb6fdeb3d9de08c6611f72062fdf0607,https://github.com/mitmproxy/mitmproxy/issues/1549,https://github.com/mitmproxy/mitmproxy,3,38,2,1,0,0,0,0,0,3,N,N,,N,,,
2,351,pwntools,23cd5cb8195cad5640b68a959717a99fbb5725c9,https://github.com/gallopsled/pwntools/issues/1029,https://github.com/gallopsled/pwntools,1,35,0,1,1,0,0,0,0,2,Y,Y,Too Broad Except,N,,N,
2,127,celery,add91ec512deaa769501a7817fc326f238bfd062,https://github.com/celery/celery/issues/8500,https://github.com/celery/celery,3,164,4,5,0,0,0,0,0,9,Y,Y,Too Broad Except,N,,N,
2,326,pandas,f385fc0c2d39f029cdba9fc9441bf73e704b230c,https://github.com/pandas-dev/pandas/issues/45506,https://github.com/pandas-dev/pandas,2,60,1,0,0,0,0,0,0,1,N,N,,N,,,
2,86,ansible,c8c326d88e10d6d0f9ea46824bdcd5305f5412da,https://github.com/ansible/ansible/issues/53671,https://github.com/ansible/ansible,2,11,0,1,0,0,0,0,0,1,Y,Y,Bare Raise Block,Y,Bare Raise Block,N,
2,227,modin,05933a5f27fb96f5a7ff6025ae2573d033a31b11,https://github.com/modin-project/modin/issues/4564,https://github.com/modin-project/modin,4,36,3,0,0,0,0,0,0,3,N,N,,N,,,
2,253,numba,2461dafb22554bce9cc291f2cfdcc3fec716a012,https://github.com/numba/numba/issues/7730,https://github.com/numba/numba,3,109,1,1,0,0,0,0,0,2,N,N,,N,,,
2,45,ansible,699a854bf30784cd7514f4c1b6f8bd742868f7eb,https://github.com/ansible/ansible/issues/14040,https://github.com/ansible/ansible,3,23,2,0,1,0,0,0,0,3,Y,N,,Y,Bare Raise Block,N,
2,163,gamestonkterminal,4f189db935a67a6cc5bbe1de9c387c7c4bf6557f,https://github.com/gamestonkterminal/gamestonkterminal/issues/2770,https://github.com/gamestonkterminal/gamestonkterminal,3,15,0,1,0,0,0,0,0,1,Y,Y,Too Broad Except,Y,Too Broad Except,N,
2,460,sqlmap,80af465ce31aeaa6c8e75e3baa1a23113519121a,https://github.com/sqlmapproject/sqlmap/issues/911,https://github.com/sqlmapproject/sqlmap,1,16,1,0,0,1,0,0,0,2,Y,Y,Bare Except Catch Block,Y,Bare Except Catch Block,N,
2,63,ansible,82f3a57bee274b52db8bbf1d1c072997f9c4f5f2,https://github.com/ansible/ansible/issues/77630,https://github.com/ansible/ansible,2,50,1,3,0,0,0,0,0,4,Y,Y,Swallowing Exceptions,N,,N,
2,462,sqlmap,a5a309212ada97aae690327d5f9ec149371ea06e,https://github.com/sqlmapproject/sqlmap/issues/339,https://github.com/sqlmapproject/sqlmap,2,18,0,1,0,0,0,0,0,1,Y,Y,"Bare Raise Block, Too Broad Except",N,,N,
2,231,modin,8602fc0814337b257110239cd6830641eb0bf97a,https://github.com/modin-project/modin/issues/1462,https://github.com/modin-project/modin,5,473,5,101,0,0,0,0,0,106,Y,Y,Too Broad Except,Y,Too Broad Except,N,
2,369,python-fire,bc43dca6a52ef6914f0e5d3ec76b316d8fdd648b,https://github.com/google/python-fire/issues/4,https://github.com/google/python-fire,3,36,1,1,0,0,0,0,0,2,N,N,,N,,,
2,181,hanlp,280de22e943d476a300a6ab9b591e777ad1e116e,https://github.com/hankcs/hanlp/issues/1399,https://github.com/hankcs/hanlp,1,34,1,0,0,1,0,0,0,2,Y,Y,Bare Except Catch Block,N,,N,
2,340,powerline,3a175fecf480bf8631fbf01314b9cbb2ca85d346,https://github.com/powerline/powerline/issues/1221,https://github.com/powerline/powerline,2,48,0,1,1,0,0,0,0,2,N,N,,N,,,
2,185,instapy,5dbd970f0d8d63a7d41c58f5249979f94f5488a3,https://github.com/instapy/instapy/issues/857,https://github.com/instapy/instapy,1,7,0,0,0,7,0,0,0,7,Y,Y,Bare Except Catch Block,N,,N,
2,436,spyder,325ba0e5a342fef64c32ac1572a237294a365a9f,https://github.com/spyder-ide/spyder/issues/4,https://github.com/spyder-ide/spyder,2,46,2,0,0,1,0,0,0,3,Y,N,,Y,Swallowing Exceptions,N,
2,29,ansible,455dfbe73249bc07bcfd6235edcb85e817b603c5,https://github.com/ansible/ansible/issues/45140,https://github.com/ansible/ansible,2,24,0,0,0,0,0,1,0,1,Y,N,,Y,Bare Raise Block,N,
2,218,ludwig,7dd0433957cc6ad057d1f823c91401d9e6efe041,https://github.com/ludwig-ai/ludwig/issues/74,https://github.com/ludwig-ai/ludwig,1,6,0,0,0,1,0,0,0,1,Y,Y,Bare Except Catch Block,N,,N,
2,314,pandas,8d5c51bf2db07d34e03d06d0e758d1a59f366147,https://github.com/pandas-dev/pandas/issues/22074,https://github.com/pandas-dev/pandas,6,328,0,3,0,3,0,2,0,8,Y,Y,Bare Raise Block,Y,Bare Raise Block,N,
2,157,gamestonkterminal,19660ff3ee39458bd78e729b97fca4a4e552c160,https://github.com/gamestonkterminal/gamestonkterminal/issues/3302,https://github.com/gamestonkterminal/gamestonkterminal,3,137,0,15,0,0,0,1,0,16,N,N,,N,,,
2,140,cython,cdce132997b60ace744da88572ee457e3a9444de,https://github.com/cython/cython/issues/5404,https://github.com/cython/cython,2,193,0,0,0,2,0,0,0,2,Y,Y,Swallowing Exceptions,N,,N,Esse inventou um novo antipattern.
2,335,pip,cdec82b5e6f2dbb774181796b529e85eaf4ad561,https://github.com/pypa/pip/issues/49,https://github.com/pypa/pip,5,135,1,0,2,0,0,0,0,3,Y,Y,Bare Raise Block,N,,N,
2,165,gamestonkterminal,663db92e337013fc8a77f8b65e1a6e13983310a1,https://github.com/gamestonkterminal/gamestonkterminal/issues/4145,https://github.com/gamestonkterminal/gamestonkterminal,2,25,0,10,0,0,0,0,0,10,Y,Y,Too Broad Except,N,,N,
2,412,salt,961ca8930d8d7ff8df44c448461a40233181d95a,https://github.com/saltstack/salt/issues/55652,https://github.com/saltstack/salt,2,6,1,0,0,0,0,0,0,1,N,N,,N,,,
2,365,pytest,ec2d8223cff2fe83119d142c3b4b365786b3182d,https://github.com/pytest-dev/pytest/issues/3372,https://github.com/pytest-dev/pytest,2,32,2,4,0,0,0,0,0,6,N,N,,N,,,
2,172,gamestonkterminal,cc6eeb84bfff98382796f01cebe16d0d3039439e,https://github.com/gamestonkterminal/gamestonkterminal/issues/1482,https://github.com/gamestonkterminal/gamestonkterminal,4,62,0,1,0,0,0,0,0,1,Y,N,,Y,Bare Raise Block,N,
2,136,cython,1b5b0a514d5e51e85a90dd891190f81d646ff47c,https://github.com/cython/cython/issues/3203,https://github.com/cython/cython,1,253,10,18,0,1,0,1,0,30,N,N,,N,,,
2,333,pip,2f44bcd39257095676061cbc03693ce9088d2cdb,https://github.com/pypa/pip/issues/151,https://github.com/pypa/pip,3,68,1,0,2,0,0,0,0,3,N,N,,N,,,
2,323,pandas,e8382665d12dcf270f587cf76cd0e6d5a1dac184,https://github.com/pandas-dev/pandas/issues/11616,https://github.com/pandas-dev/pandas,2,471,16,4,1,19,0,0,0,40,Y,Y,Too Broad Except,Y,Too Broad Except,N,
2,439,spyder,47a5a0c0531a16d9b3cfd6614a119d7c70f76857,https://github.com/spyder-ide/spyder/issues/2,https://github.com/spyder-ide/spyder,3,147,9,2,0,1,0,0,0,12,Y,N,,Y,Swallowing Exceptions,N,
2,88,ansible,ca4147f2cc7f5d7c641059ab81e61ce2b1c97498,https://github.com/ansible/ansible/issues/34893,https://github.com/ansible/ansible,3,20,0,2,0,0,0,1,0,3,Y,Y,Bare Raise Block,N,,N,
2,303,pandas,549a3902e2311c1c9cc3b065effe1f67d510475e,https://github.com/pandas-dev/pandas/issues/6531,https://github.com/pandas-dev/pandas,9,687,35,26,2,33,0,9,0,105,Y,N,,Y,Bare Raise Block,N,
2,434,spyder,26c556575ca84ed885b0efe5d4e144ead9e74f99,https://github.com/spyder-ide/spyder/issues/2491,https://github.com/spyder-ide/spyder,1,33,0,0,0,2,0,0,0,2,Y,Y,Bare Except Catch Block,N,,N,
2,132,chatterbot,78af387ed554cc202a76549012051f23488a861c,https://github.com/gunthercox/chatterbot/issues/3,https://github.com/gunthercox/chatterbot,1,12,0,2,0,0,0,0,0,2,N,N,,N,,,
2,138,cython,afcc6040cd3a68c61b8e994b1341dd1f4ef9cf73,https://github.com/cython/cython/issues/3542,https://github.com/cython/cython,8,633,14,5,0,1,0,0,0,20,Y,N,,Y,Too Broad Except,N,
2,239,netbox,39e4ab164e5585d168c51bb5e3bc495087a9716b,https://github.com/netbox-community/netbox/issues/5218,https://github.com/netbox-community/netbox,1,18,4,0,0,0,0,2,0,6,Y,Y,Bare Raise Block,N,,N,
2,319,pandas,ab0d23653a6e8264769b50c27b3b8efc95c6ab70,https://github.com/pandas-dev/pandas/issues/14848,https://github.com/pandas-dev/pandas,3,548,11,5,1,6,0,2,0,25,Y,Y,Bare Raise Block,N,,N,
2,149,dvc,db555ec66bc0da3da52ddda9afa459174f3b33c7,https://github.com/iterative/dvc/issues/5175,https://github.com/iterative/dvc,13,225,9,7,0,0,0,0,0,16,N,N,,N,,,
2,414,salt,b6659b5b7d73afba09a2d285e599de30d80d52c0,https://github.com/saltstack/salt/issues/32571,https://github.com/saltstack/salt,2,45,3,4,0,0,0,0,0,7,N,N,,N,,,
2,262,numpy,0e5864c9ecf8a5691ebf6032ba920126b6103c3e,https://github.com/numpy/numpy/issues/11639,https://github.com/numpy/numpy,1,2,1,3,0,0,0,0,0,4,Y,Y,Swallowing Exceptions,N,,N,
2,80,ansible,bba941cd5b31857b52f593c9f18dd783bd88eb75,https://github.com/ansible/ansible/issues/31084,https://github.com/ansible/ansible,1,9,0,3,0,0,0,1,0,4,N,N,,N,,,
2,484,xx-net,a183aca3d13ce6dcf7795f4efbdc9502b5016cf2,https://github.com/xx-net/xx-net/issues/10649,https://github.com/xx-net/xx-net,2,16,0,4,0,1,0,0,0,5,N,N,,N,,,
2,60,ansible,80967380d3642081b424eb95f9c1f83881438b9f,https://github.com/ansible/ansible/issues/32613,https://github.com/ansible/ansible,1,31,1,5,0,1,0,0,0,7,N,N,,N,,,
2,100,ansible,e3419fce878f125fdc7ca3a31c99af761070032e,https://github.com/ansible/ansible/issues/33480,https://github.com/ansible/ansible,2,27,7,8,0,0,0,0,0,15,Y,Y,"Swallowing Exceptions, Too Broad Except",N,,N,
2,159,gamestonkterminal,41a764fd5fcd25b4ea48603365b567d12cbe0f1a,https://github.com/gamestonkterminal/gamestonkterminal/issues/3220,https://github.com/gamestonkterminal/gamestonkterminal,12,125,0,1,0,0,0,1,0,2,N,N,,N,,,
2,222,mindsdb,365b477f056f325c7b1e0674947661758847b8b8,https://github.com/mindsdb/mindsdb/issues/6063,https://github.com/mindsdb/mindsdb,1,33,1,4,0,0,0,10,0,15,Y,Y,Bare Raise Block,Y,Bare Raise Block,N,
2,102,ansible,ec02b255c3d8ab4fa0adb07c0c5c4737f3b4c6f4,https://github.com/ansible/ansible/issues/12689,https://github.com/ansible/ansible,6,59,5,1,0,2,0,1,0,9,Y,Y,Bare Raise Block,Y,Bare Raise Block,N,
2,302,pandas,3b32dabf56eada9367e676c03e9ada8bc974cc76,https://github.com/pandas-dev/pandas/issues/1401,https://github.com/pandas-dev/pandas,4,389,14,23,1,0,0,19,0,57,Y,Y,"Bare Raise Block, Swallowing Exceptions, Bare Except Catch Block",N,,N,
2,353,pyright,fb8b2357077420b7560ef83dd503a38375e1abb4,https://github.com/microsoft/pyright/issues/5876,https://github.com/microsoft/pyright,1,5,0,0,0,0,0,1,0,1,Y,Y,Bare Raise Block,N,,N,
2,39,ansible,56dd5a702d708af204e4ff4b77e3871d5ed10083,https://github.com/ansible/ansible/issues/20871,https://github.com/ansible/ansible,2,12,1,4,0,2,0,3,0,10,Y,Y,"Bare Raise Block, Too Broad Except",Y,"Bare Raise Block, Too Broad Except",N,
2,416,salt,f19bcf49c293844aff74158557b2917daa789a15,https://github.com/saltstack/salt/issues/56454,https://github.com/saltstack/salt,2,38,0,0,1,0,0,0,0,1,N,N,,N,,,
2,124,celery,347553f926e2304969e1d29d039c12059cbf1465,https://github.com/celery/celery/issues/8134,https://github.com/celery/celery,2,213,2,1,0,0,0,0,0,3,N,N,,N,,,
2,354,pyro,de67c1546d065c86d5bd5cecf022925bb01d0ec7,https://github.com/pyro-ppl/pyro/issues/297,https://github.com/pyro-ppl/pyro,11,42,1,0,0,0,0,0,0,1,N,N,,N,,,
2,321,pandas,c0fb29c78f7cc592a186a24d92a551f0994e51ad,https://github.com/pandas-dev/pandas/issues/766,https://github.com/pandas-dev/pandas,3,537,4,10,0,0,0,9,0,23,Y,Y,"Bare Raise Block, Too Broad Except",Y,"Bare Raise Block, Too Broad Except",N,
2,362,pytest,a51dc0c7ce3b4964dc78c52c47c8210ae8e57553,https://github.com/pytest-dev/pytest/issues/4861,https://github.com/pytest-dev/pytest,2,157,3,1,0,0,0,0,0,4,Y,Y,Bare Raise Block,N,,N,
2,146,django-rest-framework,d4726dab81412af779cb7fcdc7c29fc07edc4bea,https://github.com/encode/django-rest-framework/issues/4986,https://github.com/encode/django-rest-framework,2,109,7,1,0,0,0,0,0,8,Y,Y,Too Broad Except,Y,Too Broad Except,Y,
2,153,freqtrade,56c2aa89bc6a873debd493db8053c025ea6de7f1,https://github.com/freqtrade/freqtrade/issues/8344,https://github.com/freqtrade/freqtrade,4,145,2,0,0,0,0,1,0,3,Y,Y,Too Broad Except,Y,Too Broad Except,N,
2,322,pandas,e1552a607be435b71e16da02940118b30a25b939,https://github.com/pandas-dev/pandas/issues/1068,https://github.com/pandas-dev/pandas,3,308,23,23,1,9,0,20,0,76,Y,N,,Y,Bare Raise Block,N,
2,267,numpy,7a8c6b476786c86deeb87ad90f8920130821e355,https://github.com/numpy/numpy/issues/10193,https://github.com/numpy/numpy,2,532,8,6,0,0,0,0,0,14,Y,Y,Bare Raise Block,N,,N,
2,287,openbbterminal,b189ffa45dff708d172044e588fafbf8e5bcbc22,https://github.com/openbb-finance/openbbterminal/issues/1310,https://github.com/openbb-finance/openbbterminal,7,61,1,1,0,0,0,0,0,2,N,N,,N,,,
2,477,synapse,b7e4bfd005a804ed0cd3d204c367b11565b76df6,https://github.com/matrix-org/synapse/issues/13738,https://github.com/matrix-org/synapse,1,8,0,2,0,0,0,0,0,2,Y,Y,Bare Raise Block,N,,N,
2,464,sqlmap,b921ff07292baa8b7f966cccb6a5e843646bbaac,https://github.com/sqlmapproject/sqlmap/issues/495,https://github.com/sqlmapproject/sqlmap,2,9,5,0,1,1,0,0,0,7,N,N,,N,,,
2,112,aws-cli,d923170c73882a1beb7a44e6baba8df772c72b3d,https://github.com/aws/aws-cli/issues/439,https://github.com/aws/aws-cli,3,72,2,1,0,1,0,8,0,12,Y,Y,Bare Raise Block,Y,Bare Raise Block,N,
2,281,openbbterminal,6dc21aa3b9370a960c9d10f32a7aecffe271e0e3,https://github.com/openbb-finance/openbbterminal/issues/2314,https://github.com/openbb-finance/openbbterminal,1,11,0,9,0,0,0,0,0,9,N,N,,N,,,
2,271,ocrmypdf,7a1cccbc4e098762fb0a6303cf5193b94a503985,https://github.com/ocrmypdf/ocrmypdf/issues/709,https://github.com/ocrmypdf/ocrmypdf,1,55,0,1,0,0,0,0,0,1,N,N,,N,,,
2,246,networkx,bcc7a7e42b6e152ac57658e884f5184b33463b0b,https://github.com/networkx/networkx/issues/5023,https://github.com/networkx/networkx,3,100,1,0,0,0,0,0,0,1,Y,Y,Bare Raise Block,Y,Bare Raise Block,N,
2,272,octoprint,147d982c875ff581eb3e9823d0e745e2b2dce4e6,https://github.com/octoprint/octoprint/issues/4648,https://github.com/octoprint/octoprint,2,32,1,2,0,0,0,0,0,3,N,N,,N,,,
2,317,pandas,a12da2c86bc6b8a7f8f9b5016eb3e6abb4dde1b7,https://github.com/pandas-dev/pandas/issues/4516,https://github.com/pandas-dev/pandas,3,437,14,14,1,4,0,24,0,57,Y,Y,Bare Raise Block,N,,N,
2,454,spyder,fe78c3436ee44766d0e93edf1b1891481aaa2da6,https://github.com/spyder-ide/spyder/issues/20106,https://github.com/spyder-ide/spyder,4,149,3,7,0,0,0,1,0,11,Y,Y,Bare Raise Block,Y,Too Broad Except,N,
2,41,ansible,5d92b00d9c74022fc6de0ecb64c68937e5cdd34b,https://github.com/ansible/ansible/issues/12933,https://github.com/ansible/ansible,3,30,3,0,1,0,0,0,0,4,Y,Y,Bare Raise Block,N,,N,
2,407,salt,46c9a9769fe0d404e130e6b3359fd11cc8ffe5cb,https://github.com/saltstack/salt/issues/13458,https://github.com/saltstack/salt,1,23,2,0,0,0,0,0,0,2,Y,Y,"Bare Raise Block, Swallowing Exceptions",Y,Bare Raise Block,N,
2,96,ansible,db2d5b09eff918e981c9e10787a5f2c500d1784f,https://github.com/ansible/ansible/issues/67887,https://github.com/ansible/ansible,1,9,0,1,0,0,0,0,0,1,N,N,,N,,,
2,2,ansible,019d078a5a457823e8d445d4e949b5ed041e2609,https://github.com/ansible/ansible/issues/55986,https://github.com/ansible/ansible,9,46,2,6,0,0,0,1,0,9,N,N,,N,,,
2,450,spyder,e06b9c225577f7fc5767874073427e9e684f35f7,https://github.com/spyder-ide/spyder/issues/1322,https://github.com/spyder-ide/spyder,1,2,1,0,0,0,0,0,0,1,N,N,,N,,,
2,82,ansible,c1589c33c4331ad5b0045a807a26747df7e56d07,https://github.com/ansible/ansible/issues/49272,https://github.com/ansible/ansible,2,16,4,4,1,0,0,0,0,9,N,N,,N,,,
2,308,pandas,627c59a1e44bdb10fd3701d4da2eb7c8eb60a46b,https://github.com/pandas-dev/pandas/issues/4940,https://github.com/pandas-dev/pandas,3,242,7,10,2,7,0,0,0,26,Y,Y,Bare Raise Block,N,,N,
2,43,ansible,61288b14fd0ba996b4d0f228d541fc21517772b0,https://github.com/ansible/ansible/issues/22112,https://github.com/ansible/ansible,17,3,1,0,0,0,0,0,0,1,Y,N,,Y,Bare Raise Block,N,
2,111,aws-cli,8cdad4210b9ca44eb216e6e8e4dafb3373400721,https://github.com/aws/aws-cli/issues/369,https://github.com/aws/aws-cli,3,37,2,10,0,0,0,0,0,12,Y,Y,"Bare Raise Block, Too Broad Except",N,,N,
2,408,salt,4706f32453720015d6e5781358dc7a19f7ee47b6,https://github.com/saltstack/salt/issues/6833,https://github.com/saltstack/salt,1,8,2,2,0,0,0,0,0,4,Y,Y,Bare Raise Block,N,,N,
2,76,ansible,b14c8b130fa16ce75704bf784bdf7264c43dbaaa,https://github.com/ansible/ansible/issues/34400,https://github.com/ansible/ansible,1,22,1,5,0,0,0,0,0,6,N,N,,N,,,
2,128,celery,f5c493dc71e7b75ef0a407927a7e0ce03c5d76fc,https://github.com/celery/celery/issues/5681,https://github.com/celery/celery,3,125,3,0,0,0,0,0,0,3,N,N,,N,,,
2,451,spyder,e1de0eee61c41b0774e4d977f4b1c75e9d2a5969,https://github.com/spyder-ide/spyder/issues/17579,https://github.com/spyder-ide/spyder,2,93,25,4,0,1,0,0,0,30,Y,Y,Swallowing Exceptions,Y,Swallowing Exceptions,N,
2,278,openbbterminal,41a764fd5fcd25b4ea48603365b567d12cbe0f1a,https://github.com/openbb-finance/openbbterminal/issues/3220,https://github.com/openbb-finance/openbbterminal,12,125,0,1,0,0,0,1,0,2,Y,Y,Too Broad Except,Y,Too Broad Except,N,
2,195,jina,52607ada81388cfe4f9d9b8dac9a4f1de0fe2c62,https://github.com/jina-ai/jina/issues/4391,https://github.com/jina-ai/jina,10,59,0,2,0,0,0,2,0,4,Y,Y,Bare Raise Block,Y,Bare Raise Block,N,
2,141,cython,f372c5ab67c73a4c28e68e2aa8bee16a2ec0e4e1,https://github.com/cython/cython/issues/4507,https://github.com/cython/cython,7,216,3,1,1,0,0,1,0,6,N,N,,N,,,
2,151,fairseq,f6677b675524d22a4df9f2304f63ee382594c9e3,https://github.com/pytorch/fairseq/issues/2761,https://github.com/pytorch/fairseq,2,40,1,0,0,0,0,0,0,1,N,N,,N,,,
2,311,pandas,856a88b5e2780632786dabe7d1184a5c72b40d45,https://github.com/pandas-dev/pandas/issues/3334,https://github.com/pandas-dev/pandas,2,36,4,0,0,0,0,0,0,4,Y,Y,Swallowing Exceptions,Y,Swallowing Exceptions,N,
2,284,openbbterminal,9c5ad13e2a6368c91bb4c00399442fec6d6cbf12,https://github.com/openbb-finance/openbbterminal/issues/2486,https://github.com/openbb-finance/openbbterminal,3,35,0,1,0,0,0,0,0,1,Y,Y,Too Broad Except,N,,N,
2,307,pandas,618ff03db3188c13aedc164f7068fdeb4c010da0,https://github.com/pandas-dev/pandas/issues/709,https://github.com/pandas-dev/pandas,2,104,5,6,0,0,0,0,0,11,N,N,,N,,,
2,125,celery,4cd1fe9bdfcd1ba0016be4e4d441afe10b0d6eb5,https://github.com/celery/celery/issues/8120,https://github.com/celery/celery,3,260,1,3,0,0,0,0,0,4,Y,Y,Too Broad Except,N,,N,
2,129,certbot,4fd04366aad02e2fa51057d4912346bde9e39d02,https://github.com/certbot/certbot/issues/7165,https://github.com/certbot/certbot,1,16,1,0,1,0,0,0,0,2,N,N,,N,,,
2,386,pytube,8ff1168c03da04dff67eda0bf6b7ea0a017a475a,https://github.com/pytube/pytube/issues/860,https://github.com/pytube/pytube,3,50,1,0,0,0,0,0,0,1,Y,Y,Swallowing Exceptions,N,,N,
2,291,openbbterminal,d1505359e595a50bf22c2c5601f261686117310f,https://github.com/openbb-finance/openbbterminal/issues/510,https://github.com/openbb-finance/openbbterminal,12,108,0,32,0,0,0,0,0,32,Y,Y,Too Broad Except,Y,Too Broad Except,N,
2,479,visdom,a0e9dc6c0191f0d81d3103ebc0b305b6aedd4497,https://github.com/fossasia/visdom/issues/304,https://github.com/fossasia/visdom,2,53,1,2,0,0,0,0,0,3,Y,Y,Swallowing Exceptions,N,,N,
2,104,ansible,f8f2738351cfe4e1285c3040b52b31f5373c6237,https://github.com/ansible/ansible/issues/57913,https://github.com/ansible/ansible,21,217,5,51,0,0,0,7,0,63,N,N,,N,,,
2,139,cython,c1a5d174fa4f8814105bbd50400f651d3d7a960f,https://github.com/cython/cython/issues/5458,https://github.com/cython/cython,1,36,0,0,0,0,0,1,0,1,N,N,,N,,,
2,440,spyder,4c272f34edfdaec13f7c4ff278ef569c37749eac,https://github.com/spyder-ide/spyder/issues/3,https://github.com/spyder-ide/spyder,2,87,8,0,0,4,0,0,0,12,Y,N,,Y,Swallowing Exceptions,Y,
2,38,ansible,54acdd7eadd974148e8bd3ddfb23fadea6a83ce6,https://github.com/ansible/ansible/issues/15340,https://github.com/ansible/ansible,2,26,5,0,0,4,0,0,0,9,N,N,,N,,,
2,298,pandas,1a62f1a3386a66504a82e586fbe83c06dcf2a501,https://github.com/pandas-dev/pandas/issues/1455,https://github.com/pandas-dev/pandas,2,203,8,0,2,5,0,7,0,22,Y,Y,Swallowing Exceptions,Y,Swallowing Exceptions,N,
2,391,ray,694f57fe05b2bbff57ccd20ab9bf7101ea03ebb9,https://github.com/ray-project/ray/issues/23865,https://github.com/ray-project/ray,2,60,1,5,0,0,0,0,0,6,N,N,,N,,,
2,79,ansible,b3cf1e39bb7dc32a69ddcf0dc4cec3ceb99e26e7,https://github.com/ansible/ansible/issues/31872,https://github.com/ansible/ansible,1,28,3,8,0,1,0,1,0,13,N,N,,N,,,
2,35,ansible,4cbbed0b3707d659b882a825632c81fdc493def1,https://github.com/ansible/ansible/issues/21574,https://github.com/ansible/ansible,2,18,1,0,0,1,0,0,0,2,Y,Y,Bare Raise Block,Y,Bare Raise Block,N,
2,455,sqlmap,0a74ae736f23fec6022a223f806a80802e37abef,https://github.com/sqlmapproject/sqlmap/issues/788,https://github.com/sqlmapproject/sqlmap,1,175,11,1,0,10,0,1,0,23,Y,Y,Bare Raise Block,Y,Bare Raise Block,N,
2,277,openbbterminal,3e792d75de779053913364041dc14a290ab1e439,https://github.com/openbb-finance/openbbterminal/issues/3238,https://github.com/openbb-finance/openbbterminal,2,12,0,1,0,0,0,0,0,1,N,N,,N,,,
2,313,pandas,8b50d8c854196e3025c9a881cafeedc5f509aaef,https://github.com/pandas-dev/pandas/issues/13613,https://github.com/pandas-dev/pandas,3,90,0,0,0,1,0,0,0,1,Y,Y,Bare Raise Block,N,,N,
2,466,sqlmap,d421f9a61833487ab9a34a2419b993479f1ad8e6,https://github.com/sqlmapproject/sqlmap/issues/157,https://github.com/sqlmapproject/sqlmap,2,181,13,3,1,11,0,0,0,28,Y,Y,Too Broad Except,Y,Too Broad Except,N,
2,265,numpy,76f1edbe09f45e701544498aad2251215aa51c97,https://github.com/numpy/numpy/issues/20150,https://github.com/numpy/numpy,2,321,2,1,0,0,0,0,0,3,Y,Y,Bare Raise Block,Y,Bare Raise Block,N,
2,485,youtube-dl,b3f0e5304807862ce72c136da90b860df805ee5c,https://github.com/ytdl-org/youtube-dl/issues/1277,https://github.com/ytdl-org/youtube-dl,1,25,0,1,0,0,0,1,0,2,N,N,,N,,,
2,166,gamestonkterminal,7480c5efe01dd800fe466e648786a9c16efb90e5,https://github.com/gamestonkterminal/gamestonkterminal/issues/3582,https://github.com/gamestonkterminal/gamestonkterminal,5,89,0,1,0,0,0,5,0,6,Y,Y,Bare Raise Block,N,,N,
2,25,ansible,39945b85707490dbd9eb814641991277be1f7e2e,https://github.com/ansible/ansible/issues/57038,https://github.com/ansible/ansible,2,33,0,4,1,0,0,0,0,5,Y,Y,Bare Raise Block,Y,Bare Raise Block,N,
2,268,numpy,87c126d794ac01d6a874ce345ab7d31f08ff1964,https://github.com/numpy/numpy/issues/13200,https://github.com/numpy/numpy,1,43,3,1,1,0,0,0,0,5,Y,Y,Swallowing Exceptions,Y,Swallowing Exceptions,N,
2,250,numba,0e2a6961c5e96c518ed4f3fc3114140f59b15728,https://github.com/numba/numba/issues/8105,https://github.com/numba/numba,8,449,6,2,0,0,0,0,0,8,Y,Y,Bare Raise Block,N,,N,
2,135,crackmapexec,a3046f657b08b8fc125da9be36d3d6a7fff1c1b8,https://github.com/porchetta-industries/crackmapexec/issues/4,https://github.com/porchetta-industries/crackmapexec,1,2,0,1,0,1,0,0,0,2,Y,Y,Swallowing Exceptions,N,,N,
2,453,spyder,f059f2ad524b367aa6f2a723c4c8df7a31e2ef1e,https://github.com/spyder-ide/spyder/issues/812,https://github.com/spyder-ide/spyder,48,1247,23,17,2,12,0,1,2,57,N,N,,N,,,
2,345,psutil,83814dd0dd961b59ce4ea493c7c2c2c72083f30a,https://github.com/giampaolo/psutil/issues/438,https://github.com/giampaolo/psutil,3,130,11,0,1,1,0,0,0,13,N,N,,N,,,
2,273,octoprint,e1a25a8913638f2f1962ede19cf36ba30bff24f9,https://github.com/octoprint/octoprint/issues/3396,https://github.com/octoprint/octoprint,1,61,1,10,0,0,0,0,0,11,Y,Y,Too Broad Except,N,,N,
2,200,lbry-sdk,1a0d805bad7bc81384b489863c39243b9b439e7f,https://github.com/lbryio/lbry-sdk/issues/2720,https://github.com/lbryio/lbry-sdk,2,74,1,1,0,0,0,0,0,2,N,N,,N,,,
2,10,ansible,16d23e96c55c753c8643798072cf4502754fedbb,https://github.com/ansible/ansible/issues/26052,https://github.com/ansible/ansible,1,22,2,20,0,0,0,1,0,23,Y,N,,Y,Too Broad Except,N,
2,431,spyder,1b8a6b4f35081096ec6b4bcadd4cdd858c81b137,https://github.com/spyder-ide/spyder/issues/2,https://github.com/spyder-ide/spyder,1,31,0,0,0,1,0,0,0,1,Y,N,,Y,Too Broad Except,N,
2,242,netbox,fce61295c9336fb8c82796d8a0d9571521b22146,https://github.com/netbox-community/netbox/issues/5301,https://github.com/netbox-community/netbox,3,40,2,0,0,0,0,0,0,2,N,N,,N,,,
2,397,robotframework,933ef3142a3f57e9561c77b2f87c29406b3886c4,https://github.com/robotframework/robotframework/issues/3965,https://github.com/robotframework/robotframework,1,25,0,0,0,1,0,0,0,1,N,N,,N,,,
2,296,pandas,169a56a33fb7f4fad447e70869599a99832eeee5,https://github.com/pandas-dev/pandas/issues/25308,https://github.com/pandas-dev/pandas,3,122,2,14,2,0,0,0,0,18,Y,Y,Swallowing Exceptions,N,,N,
2,97,ansible,db786b846f347b2dbadf1794346e6949767788b9,https://github.com/ansible/ansible/issues/39472,https://github.com/ansible/ansible,1,35,3,5,1,0,0,1,0,10,N,N,,N,,,
2,119,awx,e84a629ada1d1340dfc51159ae3f56516984334e,https://github.com/ansible/awx/issues/10788,https://github.com/ansible/awx,5,37,3,12,1,0,0,3,0,19,Y,Y,Too Broad Except,Y,Too Broad Except,N,
2,73,ansible,a28eb94f1a37d0293e05e289b95835ea47832e73,https://github.com/ansible/ansible/issues/33621,https://github.com/ansible/ansible,1,27,2,9,0,0,0,0,0,11,N,N,,N,,,
2,432,spyder,1d42643b01ca01f93f2e1f2aed892838ba0d277f,https://github.com/spyder-ide/spyder/issues/9327,https://github.com/spyder-ide/spyder,6,363,8,2,0,0,0,0,0,10,N,N,,N,,,
2,201,lbry-sdk,2e921437d87fb5b004e606172ce21472de0e98a8,https://github.com/lbryio/lbry-sdk/issues/1561,https://github.com/lbryio/lbry-sdk,1,25,1,2,0,0,0,1,0,4,Y,Y,"Too Broad Except, Swallowing Exceptions",Y,"Too Broad Except, Swallowing Exceptions",N,
2,21,ansible,2b7f4395d6919d57ea012a6631861ca99eb01497,https://github.com/ansible/ansible/issues/15467,https://github.com/ansible/ansible,1,18,1,2,0,0,0,0,0,3,Y,Y,Too Broad Except,N,,N,"Aqui o código estava bom, e foi adicionado o antipattern."
2,145,django-cms,d65426f9fa2cf4dfabab33ba4aac55bb339dc43d,https://github.com/django-cms/django-cms/issues/3935,https://github.com/django-cms/django-cms,2,69,2,0,0,0,0,0,0,2,N,N,,N,,,
2,429,spyder,0319ed1c22b4bed1deadcc64a0318abbcffd0aa4,https://github.com/spyder-ide/spyder/issues/1043,https://github.com/spyder-ide/spyder,2,32,2,0,0,0,0,0,0,2,N,N,,N,,,
2,343,psutil,6bb5a30dbf8335db8d9b8c4e81d652f055deea6a,https://github.com/giampaolo/psutil/issues/1536,https://github.com/giampaolo/psutil,1,52,1,0,0,0,0,0,0,1,Y,N,,Y,Bare Raise Block,Y,
2,258,numba,bb7049ccaadafe2cd1c1cb73feb0dcd88ba640c1,https://github.com/numba/numba/issues/7730,https://github.com/numba/numba,3,107,1,1,0,0,0,0,0,2,N,N,,N,,,
2,399,robotframework,af92ca7269cf5edbff9078d0ac4a927782a46a3d,https://github.com/robotframework/robotframework/issues/4116,https://github.com/robotframework/robotframework,1,171,2,0,2,6,0,0,0,10,Y,Y,Bare Raise Block,Y,Bare Raise Block,N,
2,216,loguru,285f7b7464134b963adea4e24a77324fcac41bbf,https://github.com/delgan/loguru/issues/237,https://github.com/delgan/loguru,2,47,0,0,0,0,0,1,0,1,Y,Y,Bare Raise Block,N,,N,
2,9,ansible,16bd93a14eb1b6f3b8292e33c62c9e8383e7bdb4,https://github.com/ansible/ansible/issues/25882,https://github.com/ansible/ansible,2,38,6,6,0,0,0,0,0,12,Y,Y,Too Broad Except,N,,N,
2,289,openbbterminal,b939fbd9b8c68ab207d0a9959ef637bfb32d3643,https://github.com/openbb-finance/openbbterminal/issues/1317,https://github.com/openbb-finance/openbbterminal,7,66,1,1,0,0,0,0,0,2,Y,Y,Too Broad Except,N,,N,
2,428,spyder,02b2057f60ed42f8d5f2ea7d052df23a61bfc59d,https://github.com/spyder-ide/spyder/issues/2015,https://github.com/spyder-ide/spyder,1,24,3,0,0,0,0,0,0,3,N,N,,N,,,
1,263,numpy,2ee7c72e56b5ef16f3838f86de8ad0d435b9b4e0,https://github.com/numpy/numpy/issues/10779,https://github.com/numpy/numpy,2,305,9,3,0,0,0,2,0,14,Y,N,,Y,Broad exception caught,,foi removida a linha com antipattern Broad exception caught
1,474,sympy,6f18ddb0550072a2ceb2ee147541bb3a1c24a97e,https://github.com/sympy/sympy/issues/4128,https://github.com/sympy/sympy,2,160,4,0,0,0,0,0,0,4,N,N,,N,,,
1,486,zulip,8c4651d716e59f754a1e22956625cabc68d07757,https://github.com/zulip/zulip/issues/7396,https://github.com/zulip/zulip,1,209,3,1,0,0,0,1,0,5,Y,N,,Y,Broad exception caught,,foi removida a linha com antipattern Broad exception caught
1,30,ansible,457bccf540bb8a1ed29eee769b85f825904c9527,https://github.com/ansible/ansible/issues/38708,https://github.com/ansible/ansible,2,10,0,1,0,0,0,0,0,1,Y,Y,Broad exception caught,N,,,foi adicionado o antipattern Broad exception caught
1,418,scikit-learn,5fc5c6e62e163a20b890b64cb1efa8ed151bbc18,https://github.com/scikit-learn/scikit-learn/issues/11295,https://github.com/scikit-learn/scikit-learn,2,95,0,1,0,0,0,0,0,1,Y,N,,Y,Broad exception caught,,foi removida a linha com antipattern Broad exception caught
1,350,psutil,ef3464d58f417bf97e5f0be4c8e7c2cac862f4ec,https://github.com/giampaolo/psutil/issues/313,https://github.com/giampaolo/psutil,1,50,0,0,0,1,0,0,0,1,N,N,,N,,,
1,53,ansible,7864df8cb9e3250bcd0d4471d4e37f632d49a93e,https://github.com/ansible/ansible/issues/48394,https://github.com/ansible/ansible,4,26,3,1,0,0,0,0,0,4,Y,N,,Y,"too-many-nested-blocks,Broad exception caught",,foi removida a linha com antipattern too-many-nested-blocks
1,11,ansible,1c632af2c915bb757cffc5cd01a2aac59e5c810a,https://github.com/ansible/ansible/issues/5468,https://github.com/ansible/ansible,1,9,0,0,0,2,0,0,0,2,N,N,,N,,,
1,336,pipenv,15c0ce0b3b7719055ef0fba54cbc540e5fd22dc5,https://github.com/pypa/pipenv/issues/4588,https://github.com/pypa/pipenv,11,302,16,2,1,0,0,0,0,19,Y,N,,Y,Broad exception caught,,foi removida a linha com antipattern Broad exception caught
1,143,discord.py,6f3bd7c0e6b4a4984290b4cbd5ce4a63c695c2f3,https://github.com/rapptz/discord.py/issues/250,https://github.com/rapptz/discord.py,1,89,10,2,0,2,0,0,0,14,Y,N,,Y,"Bare except,Broad exception caught",,foi removida a linha com antipattern Bare except
1,101,ansible,eb69eb4108cf39f83a4cb8eca2b589e237a5c650,https://github.com/ansible/ansible/issues/10435,https://github.com/ansible/ansible,3,22,0,0,0,3,0,0,0,3,N,N,,N,,,
1,57,ansible,7a0a21ea7aa0d69bc6eb89967da47df85dca6a8d,https://github.com/ansible/ansible/issues/59071,https://github.com/ansible/ansible,1,10,1,1,0,0,0,0,0,2,Y,N,,Y,Broad exception caught,,foi removida a linha com antipattern Broad exception caught
1,387,qutebrowser,5b8e0d8d800ade0a8991beae1810a0c1f6aaee66,https://github.com/qutebrowser/qutebrowser/issues/4059,https://github.com/qutebrowser/qutebrowser,2,4,1,0,0,0,0,0,0,1,N,N,,N,,,
1,170,gamestonkterminal,b939fbd9b8c68ab207d0a9959ef637bfb32d3643,https://github.com/gamestonkterminal/gamestonkterminal/issues/1317,https://github.com/gamestonkterminal/gamestonkterminal,7,66,1,1,0,0,0,0,0,2,N,N,,N,,,
1,338,plotly.py,ecb635a171ba494f64713804979804aa9c1c0ea0,https://github.com/plotly/plotly.py/issues/2445,https://github.com/plotly/plotly.py,6,12,0,2,0,0,0,0,0,2,Y,Y,Broad exception caught,N,,,foi adicionado o antipattern Broad exception caught
1,473,streamlink,f0263107faf3abd36ff327bf3cd961ba6f4e781a,https://github.com/streamlink/streamlink/issues/561,https://github.com/streamlink/streamlink,3,23,1,0,0,0,0,0,0,1,N,N,,N,,,
1,316,pandas,965b8649141a7ee0cdaadcf2d14bd84965456f93,https://github.com/pandas-dev/pandas/issues/1460,https://github.com/pandas-dev/pandas,3,46,0,0,0,0,0,3,0,3,N,N,,N,,,
1,20,ansible,2884ff3932ce913b6f036a9f914e126daef91ff1,https://github.com/ansible/ansible/issues/13455,https://github.com/ansible/ansible,1,1,0,0,0,1,0,0,0,1,Y,Y,Bare except,N,,,foi adicionado o antipattern Bare except
1,355,pyro,e20a65c3bb2722bc44c711c79039521dd00ca531,https://github.com/pyro-ppl/pyro/issues/3229,https://github.com/pyro-ppl/pyro,4,60,1,0,0,0,0,0,0,1,N,N,,N,,,
1,344,psutil,7e35546f6cd7365dc3a22547fdca8b4dc78997fb,https://github.com/giampaolo/psutil/issues/416,https://github.com/giampaolo/psutil,4,240,29,2,1,0,3,0,0,35,Y,N,,Y,"too-many-nested-blocks,Broad exception caught,Bare raise block",,foi removida a linha com antipattern too-many-nested-blocks
1,356,pyro,e3f0adf2951d2040a61a1a93aa64973bdb64e148,https://github.com/pyro-ppl/pyro/issues/828,https://github.com/pyro-ppl/pyro,14,155,1,0,0,0,0,0,0,1,Y,N,,Y,Broad exception caught,,foi removida a linha com antipattern Broad exception caught
1,133,click,807c5df0b9528d387ff48f0e593907760b2ad6ce,https://github.com/pallets/click/issues/362,https://github.com/pallets/click,2,34,3,3,1,0,0,0,0,7,Y,N,,Y,Broad exception caught,,foi removida a linha com antipattern Broad exception caught
1,66,ansible,8b08a28c895666b9fc673e5bf26bd91b2be77fe6,https://github.com/ansible/ansible/issues/13981,https://github.com/ansible/ansible,1,88,3,7,3,5,1,2,0,21,Y,N,,Y,"too-many-nested-blocks,Bare except,Broad exception caught,Bare raise block",,foi removida a linha com antipattern Broad exception caught
1,204,lbry-sdk,bb2efdcc7c38a26cd219e8866000e4857b2bffc1,https://github.com/lbryio/lbry-sdk/issues/623,https://github.com/lbryio/lbry-sdk,1,130,1,6,0,0,0,30,0,37,N,N,,N,,,
1,249,nltk,801724298ea3e6d9c82aef5c74b2080a1358da42,https://github.com/nltk/nltk/issues/2314,https://github.com/nltk/nltk,2,134,10,0,0,1,0,0,0,11,N,N,,N,,,
1,315,pandas,96596026ab22b1bbbaa3e956f1b680a3893b9d04,https://github.com/pandas-dev/pandas/issues/7448,https://github.com/pandas-dev/pandas,2,88,0,5,1,7,0,0,0,13,Y,Y,Bare except,Y,"Bare except,Broad exception caught",,foi removida a linha com antipattern Broad exception caught
1,5,ansible,0b64408f5a2d2135afcb68988c51a3dd50e0124f,https://github.com/ansible/ansible/issues/5531,https://github.com/ansible/ansible,2,9,0,0,0,3,0,0,0,3,N,N,,N,,,
1,457,sqlmap,44a46d2b10d7c2bbfaef39411bc165b3ed525c11,https://github.com/sqlmapproject/sqlmap/issues/409,https://github.com/sqlmapproject/sqlmap,1,174,8,1,0,10,0,0,0,19,N,N,,N,,,
1,74,ansible,a9fcd1d197037387ccefec714b317e8034b396b1,https://github.com/ansible/ansible/issues/58564,https://github.com/ansible/ansible,1,101,5,12,3,0,0,2,0,22,Y,N,,Y,"too-many-nested-blocks,Broad exception caught",,foi removida a linha com antipattern Broad exception caught
1,295,pandas,12fd316de829b994d6e3d1fc14c59d8e8bf34500,https://github.com/pandas-dev/pandas/issues/25616,https://github.com/pandas-dev/pandas,2,103,8,3,0,0,0,0,0,11,Y,N,,Y,Broad exception caught,,foi removida a linha com antipattern Broad exception caught
1,173,gamestonkterminal,cca41d4f085dfc64b6cf88aa46f893960836bd0b,https://github.com/gamestonkterminal/gamestonkterminal/issues/3474,https://github.com/gamestonkterminal/gamestonkterminal,8,65,1,1,0,0,0,0,0,2,N,N,,N,,,
1,14,ansible,212340bf0c237fc86cbaf27690d53e27d5a201ad,https://github.com/ansible/ansible/issues/33493,https://github.com/ansible/ansible,4,39,10,10,0,0,0,0,0,20,Y,N,,Y,Broad exception caught,,foi removida a linha com antipattern Broad exception caught
1,293,pandas,07a573561422c83441b0e4023a73421d495d89f1,https://github.com/pandas-dev/pandas/issues/9167,https://github.com/pandas-dev/pandas,2,99,1,0,0,1,0,0,0,2,Y,Y,Bare except,Y,"too-many-nested-blocks,Bare except",,foi adicionado o antipattern Bare except
1,346,psutil,b90e38810c11d44ff6a0cba0603946625fdf7958,https://github.com/giampaolo/psutil/issues/63,https://github.com/giampaolo/psutil,4,113,0,0,1,0,0,0,0,1,Y,Y,too-many-nested-blocks,N,,,foi adicionado o antipattern too-many-nested-blocks
1,364,pytest,cf97159009723be555aaa724df18f6f38a417bd2,https://github.com/pytest-dev/pytest/issues/128,https://github.com/pytest-dev/pytest,29,1180,20,22,3,13,0,0,0,58,Y,N,,Y,"too-many-nested-blocks,Bare except,Broad exception caught",,foi removida a linha com antipattern Bare except
1,85,ansible,c3fb4c837b473a8480c1512df6a8d5c8bab7eda1,https://github.com/ansible/ansible/issues/21154,https://github.com/ansible/ansible,1,1,1,0,0,0,0,0,0,1,N,N,,N,,,
1,179,graphene,19ebf08339263f0446235ddffbbab0e6d3f11699,https://github.com/graphql-python/graphene/issues/1394,https://github.com/graphql-python/graphene,6,76,0,1,0,0,0,3,0,4,N,N,,N,,,
1,15,ansible,26b9c81a8e4b088f20e01c0cfdfe855de9f91832,https://github.com/ansible/ansible/issues/60046,https://github.com/ansible/ansible,14,191,18,36,2,0,0,2,0,58,Y,Y,Broad exception caught,Y,"too-many-nested-blocks,Broad exception caught",,foi removida a linha com antipattern Broad exception caught
1,458,sqlmap,5437f8bf366c172be29bc856acc934593722aaae,https://github.com/sqlmapproject/sqlmap/issues/85,https://github.com/sqlmapproject/sqlmap,1,9,3,1,0,0,0,1,0,5,N,N,,N,,,
1,182,horovod,7e36ce4255a734e955e8ce9b229c74d5807b5620,https://github.com/horovod/horovod/issues/2674,https://github.com/horovod/horovod,2,43,0,0,0,1,0,0,0,1,Y,N,,Y,Bare except,,foi removida a linha com antipattern Bare except
1,347,psutil,bcfdbdcd170eaff681890631222132294efc6782,https://github.com/giampaolo/psutil/issues/3,https://github.com/giampaolo/psutil,3,275,32,1,0,0,3,0,0,36,Y,N,,Y,"too-many-nested-blocks,Broad exception caught,Bare raise block",,foi removida a linha com antipattern too-many-nested-blocks
1,8,ansible,1679d836378f64b2b03d84180a1df65ebdbaea5b,https://github.com/ansible/ansible/issues/5131,https://github.com/ansible/ansible,1,15,0,1,1,3,0,0,0,5,N,N,,N,,,
1,378,pytorch-lightning,7f4ef6d135b8b824d23be9fe2ab21f184b12ea9b,https://github.com/pytorchlightning/pytorch-lightning/issues/7889,https://github.com/pytorchlightning/pytorch-lightning,2,33,0,1,0,0,0,0,0,1,N,N,,N,,,
1,131,chalice,5f640d5ca75b60a97bdff4a79de2edb5404e8c70,https://github.com/aws/chalice/issues/565,https://github.com/aws/chalice,5,297,1,0,0,0,0,0,0,1,N,N,,N,,,
1,264,numpy,35097048522b8b0da12b49639fdfc2d96ae81666,https://github.com/numpy/numpy/issues/7549,https://github.com/numpy/numpy,1,12,3,0,0,3,0,0,0,6,Y,N,,Y,Bare except,,foi removida a linha com antipattern Bare except
1,81,ansible,c0326aea2f40e25a0d22434c581cbe9d60dd53b3,https://github.com/ansible/ansible/issues/44922,https://github.com/ansible/ansible,11,57,5,0,0,0,0,0,0,5,N,N,,N,,,
1,433,spyder,1e0a2bab73d4dca744e4022199ad4c1a5a7e0d34,https://github.com/spyder-ide/spyder/issues/2491,https://github.com/spyder-ide/spyder,1,32,0,0,0,2,0,0,0,2,Y,Y,Bare except,Y,Bare except,,foi removida a linha com antipattern Bare except
1,217,loguru,9e430cf8dbaf737b894e63a69acad748ddfba866,https://github.com/delgan/loguru/issues/62,https://github.com/delgan/loguru,5,70,0,1,0,0,0,0,0,1,Y,N,,Y,Broad exception caught,,foi removida a linha com antipattern Broad exception caught
1,84,ansible,c24c19594e4c4cddfda3226d49f8eeabacb18162,https://github.com/ansible/ansible/issues/47219,https://github.com/ansible/ansible,7,146,7,15,0,0,0,3,0,25,Y,N,,Y,"Bare except,Broad exception caught",,foi removida a linha com antipattern Broad exception caught
1,255,numba,830785ffe8b25f47189b9ced8115778f1615d50d,https://github.com/numba/numba/issues/9071,https://github.com/numba/numba,3,193,5,4,0,0,0,0,0,9,Y,N,,Y,Broad exception caught,,foi removida a linha com antipattern Broad exception caught
1,230,modin,7c350dd9d4fcd43f637663eac15e6a1bfbf151e2,https://github.com/modin-project/modin/issues/1900,https://github.com/modin-project/modin,3,192,1,4,0,0,0,0,0,5,Y,N,,Y,Broad exception caught,,foi removida a linha com antipattern Broad exception caught
1,152,flair,75fd95b417783e342b0ae27794e0ca6b66d80b0a,https://github.com/flairnlp/flair/issues/1827,https://github.com/flairnlp/flair,2,24,4,0,0,3,0,0,0,7,Y,Y,Bare except,Y,"too-many-nested-blocks,Bare except",,foi removida a linha com antipattern Bare except
1,221,mailpile,d39a054504418a51a2b23afd3473c6b29e4963c5,https://github.com/mailpile/mailpile/issues/1406,https://github.com/mailpile/mailpile,2,164,10,1,1,12,0,0,0,24,N,N,,N,,,
1,448,spyder,9266507d1f4ac15c2be00f37de14a220efebcffb,https://github.com/spyder-ide/spyder/issues/18,https://github.com/spyder-ide/spyder,1,21,3,0,0,0,0,0,0,3,N,N,,N,,,
1,395,requests,f89b5a5d90d7b45a7f59dbd2bb29ae2f400aba44,https://github.com/psf/requests/issues/2540,https://github.com/psf/requests,1,35,1,0,0,0,0,0,0,1,N,N,,N,,,
1,452,spyder,eee7a729519717b22f6f77b6febbf3dfa6052e8e,https://github.com/spyder-ide/spyder/issues/2,https://github.com/spyder-ide/spyder,2,159,2,0,0,2,0,0,0,4,Y,N,,Y,Bare except,,foi removida a linha com antipattern Bare except
1,89,ansible,cb1f57d4e54012ea17f35e17df2462d9c6c14981,https://github.com/ansible/ansible/issues/23550,https://github.com/ansible/ansible,2,33,0,0,0,0,0,1,0,1,N,N,,N,,,
1,6,ansible,0c3216c5652411549ce32234a18c6ba2329d35ec,https://github.com/ansible/ansible/issues/44740,https://github.com/ansible/ansible,2,10,2,4,0,0,0,1,0,7,Y,N,,Y,Broad exception caught,,foi removida a linha com antipattern Broad exception caught
1,251,numba,11badc2d5f9c05012614b80aba5a4b75577e8607,https://github.com/numba/numba/issues/915,https://github.com/numba/numba,6,117,3,0,0,0,0,0,0,3,Y,N,,Y,Broad exception caught,,foi removida a linha com antipattern Broad exception caught
1,244,networkx,657f5794e8685153f3177279c1288e43f0642c11,https://github.com/networkx/networkx/issues/2427,https://github.com/networkx/networkx,2,61,1,0,0,0,0,0,0,1,N,N,,N,,,
1,0,aiohttp,0d2e43bf2a920975a5da4d9295e0ba887080bf5b,https://github.com/aio-libs/aiohttp/issues/7237,https://github.com/aio-libs/aiohttp,2,143,1,0,0,0,0,0,0,1,N,N,,N,,,
1,203,lbry-sdk,a4db0820bc9275a3e10faffa5f3a7e98ea940682,https://github.com/lbryio/lbry-sdk/issues/3136,https://github.com/lbryio/lbry-sdk,3,53,0,3,0,0,0,0,0,3,Y,N,,Y,Broad exception caught,,foi removida a linha com antipattern Broad exception caught
1,194,jax,9aa8fe520fc3108406adedaaa214fe2224981bd7,https://github.com/google/jax/issues/13976,https://github.com/google/jax,1,34,3,0,0,0,0,0,0,3,N,N,,N,,,
1,26,ansible,3fa7423e8e6a3afcfd9b859d0952f7612b66b33a,https://github.com/ansible/ansible/issues/61067,https://github.com/ansible/ansible,1,22,1,1,0,0,0,0,0,2,Y,N,,Y,Broad exception caught,,foi removida a linha com antipattern Broad exception caught
1,304,pandas,5816d0e8fa072b88d44f4512799b0c0b0978ef9f,https://github.com/pandas-dev/pandas/issues/3139,https://github.com/pandas-dev/pandas,3,527,10,8,1,11,0,10,0,40,N,N,,N,,,
1,260,numba,e38dcda9fa480d28ca2b409301debbec1ff947a7,https://github.com/numba/numba/issues/1373,https://github.com/numba/numba,7,343,5,0,0,0,0,2,0,7,N,N,,N,,,
1,22,ansible,30e70f4b6356e692c7ade3dd95f2e55d07f3e8f5,https://github.com/ansible/ansible/issues/70240,https://github.com/ansible/ansible,1,18,6,4,1,0,0,0,0,11,Y,Y,Broad exception caught,Y,"too-many-nested-blocks,Broad exception caught",,foi removida a linha com antipattern Broad exception caught
1,31,ansible,469b559ebe44451ad60b2e534e284b19090b1c18,https://github.com/ansible/ansible/issues/75468,https://github.com/ansible/ansible,1,5,0,2,0,0,0,0,0,2,Y,Y,Broad exception caught,N,,,foi adicionado o antipattern Broad exception caught
1,113,awx,1048baa98c2e6c1c37fec11830ada581bfd47f27,https://github.com/ansible/awx/issues/5457,https://github.com/ansible/awx,1,69,1,21,0,0,0,0,0,22,Y,Y,Broad exception caught,Y,Broad exception caught,,foi removida a linha com antipattern Broad exception caught
1,329,pandas-profiling,db60d48383acd70f6c5c09dc6b9c98e0a7dce57b,https://github.com/ydataai/pandas-profiling/issues/1104,https://github.com/ydataai/pandas-profiling,2,28,1,0,0,0,0,0,0,1,N,N,,N,,,
1,415,salt,d3678bf2f37a85a29425613de822ff06ab3dcef6,https://github.com/saltstack/salt/issues/47689,https://github.com/saltstack/salt,1,9,0,4,0,0,0,0,0,4,Y,N,,Y,too-many-nested-blocks,,foi removida a linha com antipattern too-many-nested-blocks
1,394,redis-py,1b2f408259405d412d7530291902f9e0c8bd34b3,https://github.com/andymccurdy/redis-py/issues/2349,https://github.com/andymccurdy/redis-py,2,69,7,5,0,0,0,0,0,12,Y,N,,Y,Broad exception caught,,foi removida a linha com antipattern Broad exception caught
1,294,pandas,12167d111f388166185c72727b2f33e0b1187b3e,https://github.com/pandas-dev/pandas/issues/2745,https://github.com/pandas-dev/pandas,3,527,10,8,1,11,0,10,0,40,N,N,,N,,,
1,366,pytest,efeae72509ab24d74b6e9a9631e23a03afdcbe18,https://github.com/pytest-dev/pytest/issues/113,https://github.com/pytest-dev/pytest,3,69,1,1,0,1,0,0,0,3,Y,N,,Y,"Bare except,Broad exception caught",,foi removida a linha com antipattern Bare except
1,211,lightning,9a402461dab2c3797f06da7273d05145b46e5fe6,https://github.com/lightning-ai/lightning/issues/2821,https://github.com/lightning-ai/lightning,6,66,0,1,0,0,0,0,0,1,Y,N,,Y,Broad exception caught,,foi removida a linha com antipattern Broad exception caught
1,349,psutil,dcfc548f1fa7ace190c54c8d647fc3a94f0b9de5,https://github.com/giampaolo/psutil/issues/479,https://github.com/giampaolo/psutil,7,137,14,0,1,1,0,0,0,16,Y,N,,Y,too-many-nested-blocks,,foi removida a linha com antipattern too-many-nested-blocks
1,423,scipy,ff7c8abc96e9df9509f228a44f05ae80b9d9098e,https://github.com/scipy/scipy/issues/10479,https://github.com/scipy/scipy,3,355,0,0,0,0,0,1,0,1,N,N,,N,,,
1,164,gamestonkterminal,5fedb8e042ae8b1a81ffc3f81c37e97e3c80d776,https://github.com/gamestonkterminal/gamestonkterminal/issues/1364,https://github.com/gamestonkterminal/gamestonkterminal,6,41,0,1,0,0,0,0,0,1,N,N,,N,,,
1,220,mailpile,4e2f687593ab244126fefe640f56c0ecad59074d,https://github.com/mailpile/mailpile/issues/930,https://github.com/mailpile/mailpile,1,61,1,0,0,3,0,0,0,4,N,N,,N,,,
1,446,spyder,81ad8d2da04daf95834501212ab102be301ba4ee,https://github.com/spyder-ide/spyder/issues/2456,https://github.com/spyder-ide/spyder,1,25,1,8,1,0,0,0,0,10,Y,Y,Bare except,Y,"too-many-nested-blocks,Broad exception caught",,foi removida a linha com antipattern Broad exception caught
1,180,hanlp,171bd2df65aa38069c38b9ede9b02cd901654f96,https://github.com/hankcs/hanlp/issues/1616,https://github.com/hankcs/hanlp,1,11,0,1,0,0,0,0,0,1,Y,N,,Y,Broad exception caught,,foi removida a linha com antipattern Broad exception caught
1,137,cython,3a3419fb1f13a0ec8ba1121f0aea4e7ec4df4773,https://github.com/cython/cython/issues/3205,https://github.com/cython/cython,1,261,10,18,0,1,0,1,0,30,N,N,,N,,,
1,69,ansible,984af98b1e96d0b7082625bbe2c944a2d237025f,https://github.com/ansible/ansible/issues/30167,https://github.com/ansible/ansible,1,6,1,2,0,1,0,2,0,6,Y,N,,Y,"Bare except,Broad exception caught",,foi removida a linha com antipattern Bare except
1,359,pytest,183af955263382481296a70ecf247428c11bf2da,https://github.com/pytest-dev/pytest/issues/1,https://github.com/pytest-dev/pytest,3,71,2,0,0,1,0,0,0,3,Y,N,,Y,Bare except,,foi removida a linha com antipattern Bare except
1,44,ansible,61c6f4fda1b52fe6b775d0094831a55f37bb7d80,https://github.com/ansible/ansible/issues/40661,https://github.com/ansible/ansible,1,36,3,1,0,0,0,0,0,4,Y,N,,Y,"too-many-nested-blocks,Broad exception caught",,foi removida a linha com antipattern too-many-nested-blocks
1,266,numpy,783e88f373e8465bbcb2fc1890fc7ff44080dd5d,https://github.com/numpy/numpy/issues/13176,https://github.com/numpy/numpy,1,519,3,3,0,0,0,2,0,8,N,N,,N,,,
1,23,ansible,3170e8b8815f13c4488d7ca9a05e54f405dc78a0,https://github.com/ansible/ansible/issues/56422,https://github.com/ansible/ansible,1,14,0,2,0,0,0,1,0,3,Y,N,,Y,Broad exception caught,,foi removida a linha com antipattern Broad exception caught
1,223,mindsdb,923e475a7bd3fd8df8b5ef2ad1c9c1d2c287d869,https://github.com/mindsdb/mindsdb/issues/219,https://github.com/mindsdb/mindsdb,1,11,1,2,0,6,0,0,0,9,Y,Y,Bare except,Y,"Bare except,Broad exception caught",,foi removida a linha com antipattern Broad exception caught
1,274,openbbterminal,09f753da1c2a2f03c41fe6a3ca2eb79f6ea58995,https://github.com/openbb-finance/openbbterminal/issues/3244,https://github.com/openbb-finance/openbbterminal,7,167,1,14,0,0,0,1,0,16,N,N,,N,,,
1,325,pandas,eae588d2b20af5ece4e98c35b37252144e6589be,https://github.com/pandas-dev/pandas/issues/1778,https://github.com/pandas-dev/pandas,5,203,11,7,2,1,0,5,0,26,Y,N,,Y,"Bare except,Broad exception caught",,foi removida a linha com antipattern Broad exception caught
1,475,sympy,8d4525086b6fbae9c8ebc2c682d9ab59df6656a4,https://github.com/sympy/sympy/issues/3174,https://github.com/sympy/sympy,3,205,4,0,0,0,0,0,0,4,Y,N,,Y,too-many-nested-blocks,,foi removida a linha com antipattern too-many-nested-blocks
1,118,awx,8bd2217a498bd74d0bcdb7038b844ce4ae8ea438,https://github.com/ansible/awx/issues/2278,https://github.com/ansible/awx,1,40,2,0,0,0,0,0,0,2,N,N,,N,,,
1,243,networkx,1fdbb7da51e95e306189d705ca91a7a8a9691980,https://github.com/networkx/networkx/issues/6789,https://github.com/networkx/networkx,3,104,0,2,0,0,0,0,0,2,Y,N,,Y,too-many-nested-blocks,,foi removida a linha com antipattern too-many-nested-blocks
1,409,salt,4bce45250058cbe519d530a8353cb9d462444d67,https://github.com/saltstack/salt/issues/33841,https://github.com/saltstack/salt,1,71,6,16,0,0,0,1,0,23,N,N,,N,,,
1,168,gamestonkterminal,a0a22ee2cff2be0f062de0ec60bf096e2cb1a51a,https://github.com/gamestonkterminal/gamestonkterminal/issues/1089,https://github.com/gamestonkterminal/gamestonkterminal,33,33,0,38,0,0,0,117,0,155,N,N,,N,,,
1,64,ansible,8752ae690913053754e4a52390f5002d5d662d60,https://github.com/ansible/ansible/issues/4730,https://github.com/ansible/ansible,1,15,0,1,1,3,0,0,0,5,N,N,,N,,,
1,71,ansible,9af6dc4751be1b339613aca85169c32418435a5d,https://github.com/ansible/ansible/issues/30388,https://github.com/ansible/ansible,1,6,1,0,0,0,0,0,0,1,N,N,,N,,,
1,199,lbry-sdk,0501f52805bb001fb70c42469b390da20ad01e7d,https://github.com/lbryio/lbry-sdk/issues/1352,https://github.com/lbryio/lbry-sdk,1,21,0,3,0,0,0,1,0,4,N,N,,N,,,
1,269,numpy,8ae543cb13769a0afa6e176898824db7fd992d27,https://github.com/numpy/numpy/issues/6686,https://github.com/numpy/numpy,2,109,8,0,1,3,0,0,0,12,Y,N,,Y,Bare except,,foi removida a linha com antipattern Bare except
1,405,salt,23bbc4594c19a2e5bdee3a1d470a52a2b805aa47,https://github.com/saltstack/salt/issues/59033,https://github.com/saltstack/salt,1,33,3,4,0,0,0,0,0,7,N,N,,N,,,
1,12,ansible,1d6bc094cf460a374d0e7da75954ea91bd41caa0,https://github.com/ansible/ansible/issues/36800,https://github.com/ansible/ansible,1,23,1,5,0,0,0,0,0,6,Y,N,,Y,"too-many-nested-blocks,Broad exception caught",,foi removida a linha com antipattern too-many-nested-blocks
1,380,pytorch-lightning,9bfbd9ea80c4c5daf48800a1ab9a14683a0bc1ce,https://github.com/pytorchlightning/pytorch-lightning/issues/12885,https://github.com/pytorchlightning/pytorch-lightning,5,353,0,2,0,0,0,4,0,6,Y,N,,Y,Broad exception caught,,foi removida a linha com antipattern Broad exception caught
1,270,numpy,91b06c021319faccb008a8ee485d26ae227bf079,https://github.com/numpy/numpy/issues/9522,https://github.com/numpy/numpy,4,114,2,3,0,0,0,0,0,5,Y,N,,Y,Broad exception caught,,foi removida a linha com antipattern Broad exception caught
1,275,openbbterminal,20ce4aa7344742172b7a4e907bac60885aa91b0c,https://github.com/openbb-finance/openbbterminal/issues/1558,https://github.com/openbb-finance/openbbterminal,3,18,1,1,0,0,0,0,0,2,N,N,,N,,,
1,32,ansible,48eeab8a5374ac9a84d337f892b2bb85089cf83b,https://github.com/ansible/ansible/issues/23282,https://github.com/ansible/ansible,14,246,10,80,6,13,0,10,0,119,Y,N,,Y,"too-many-nested-blocks,Bare except,Broad exception caught",,foi removida a linha com antipattern Broad exception caught
1,396,robotframework,295477890c938bb2b8ed4a1817df45d1ab7699dd,https://github.com/robotframework/robotframework/issues/306,https://github.com/robotframework/robotframework,2,34,0,0,0,1,0,0,0,1,Y,N,,Y,Bare except,,foi removida a linha com antipattern Bare except
1,334,pip,a8de40cac1efc1e64dff6e62ad6939499027ed0d,https://github.com/pypa/pip/issues/7,https://github.com/pypa/pip,1,183,2,1,4,1,2,1,0,11,N,N,,N,,,
1,379,pytorch-lightning,9a402461dab2c3797f06da7273d05145b46e5fe6,https://github.com/pytorchlightning/pytorch-lightning/issues/2821,https://github.com/pytorchlightning/pytorch-lightning,6,66,0,1,0,0,0,0,0,1,Y,N,,Y,Broad exception caught,,foi removida a linha com antipattern Broad exception caught
1,427,spotify-downloader,20faae705d653732fa5b98e1aeb49785c996c114,https://github.com/spotdl/spotify-downloader/issues/1233,https://github.com/spotdl/spotify-downloader,4,33,0,2,0,0,0,1,0,3,Y,N,,Y,"Bare except,Broad exception caught",,foi removida a linha com antipattern Broad exception caught
1,48,ansible,71113ee291aa51f5363486537b3407204acb5a99,https://github.com/ansible/ansible/issues/50301,https://github.com/ansible/ansible,31,15,0,7,0,0,0,2,0,9,Y,N,,Y,Broad exception caught,,foi removida a linha com antipattern Broad exception caught
1,256,numba,96371bdd54fc17c0be795a3b2e6b959be1d61b4c,https://github.com/numba/numba/issues/5011,https://github.com/numba/numba,2,107,2,3,0,0,0,0,0,5,Y,N,,Y,"too-many-nested-blocks,Broad exception caught",,foi removida a linha com antipattern Broad exception caught
1,187,ipython,0fdcb43a9b4fa4282cd6ae8bb4186b6d80d5a01b,https://github.com/ipython/ipython/issues/6864,https://github.com/ipython/ipython,2,69,4,2,1,7,0,0,0,14,Y,N,,Y,"too-many-nested-blocks,Bare except,Broad exception caught",,foi removida a linha com antipattern Bare except
1,13,ansible,1e12513e7bc7b03e4e6373aa74b490ad9b838d9b,https://github.com/ansible/ansible/issues/52415,https://github.com/ansible/ansible,1,11,0,1,0,0,0,0,0,1,Y,N,,Y,Broad exception caught,,foi removida a linha com antipattern Broad exception caught
1,186,instapy,6f7a026d44d2fff88b1fe6e9603c39170ff68551,https://github.com/instapy/instapy/issues/878,https://github.com/instapy/instapy,2,41,0,5,0,5,0,0,0,10,Y,Y,Bare except,Y,"too-many-nested-blocks,Bare except,Broad exception caught",,foi removida a linha com antipattern Broad exception caught
1,467,sqlmap,ea49fa2db25c1480ad0846bfcd6de69a650f53ac,https://github.com/sqlmapproject/sqlmap/issues/206,https://github.com/sqlmapproject/sqlmap,1,58,2,2,0,3,0,0,0,7,N,N,,N,,,
1,402,salt,1148d345309b0b98c717ddb11729bcc0092ce204,https://github.com/saltstack/salt/issues/59069,https://github.com/saltstack/salt,2,9,1,0,0,0,0,0,0,1,N,N,,N,,,
1,309,pandas,6cb1bbae236c72093602e756dd3d37dc2637ec61,https://github.com/pandas-dev/pandas/issues/4835,https://github.com/pandas-dev/pandas,2,307,20,6,0,33,0,3,0,62,Y,N,,Y,"too-many-nested-blocks,Bare except,Broad exception caught",,foi removida a linha com antipattern too-many-nested-blocks
1,404,salt,16457386a663b008794744ccb2dc81291ce6e4e6,https://github.com/saltstack/salt/issues/56909,https://github.com/saltstack/salt,2,10,1,0,0,0,0,0,0,1,N,N,,N,,,
1,254,numba,65be3e573268ccec7134c6e9ec2c893fecba7e16,https://github.com/numba/numba/issues/128,https://github.com/numba/numba,1,11,1,1,0,0,0,0,0,2,N,N,,N,,,
1,161,gamestonkterminal,4304a5c664700cf083f1432fa7523f051492754c,https://github.com/gamestonkterminal/gamestonkterminal/issues/2819,https://github.com/gamestonkterminal/gamestonkterminal,3,12,0,1,0,0,0,0,0,1,N,N,,N,,,
1,471,statsmodels,a0e8475dff1bfa63b6c755f7d359f28aa4bbe252,https://github.com/statsmodels/statsmodels/issues/7309,https://github.com/statsmodels/statsmodels,4,98,0,3,0,0,0,0,0,3,Y,N,,Y,Broad exception caught,,foi removida a linha com antipattern Broad exception caught
1,435,spyder,28f338c715b17072d8129a6bbfd14dbaa3b8aa4d,https://github.com/spyder-ide/spyder/issues/3061,https://github.com/spyder-ide/spyder,1,30,5,0,0,0,0,0,0,5,N,N,,N,,,
1,176,gensim,b27612759d7b6fbbd583cc312e8b2ea6521299dd,https://github.com/rare-technologies/gensim/issues/838,https://github.com/rare-technologies/gensim,1,52,1,0,0,1,0,0,0,2,Y,N,,Y,Bare except,,foi removida a linha com antipattern Bare except
1,219,mailpile,2020625779841d356a62e8a6c3b154c6cfa78677,https://github.com/mailpile/mailpile/issues/1566,https://github.com/mailpile/mailpile,2,81,12,0,0,8,0,2,0,22,Y,Y,Bare except,Y,Bare except,,foi adicionado o antipattern Bare except
1,480,vision,cdbbd6664bbd2e212739519aa0eb70c06252e88c,https://github.com/pytorch/vision/issues/7838,https://github.com/pytorch/vision,2,209,0,1,0,0,0,0,0,1,N,N,,N,,,
1,381,pytorch-lightning,c521624a928b2665965830590b2f37b347a86c43,https://github.com/pytorchlightning/pytorch-lightning/issues/8167,https://github.com/pytorchlightning/pytorch-lightning,7,168,0,3,0,0,0,0,0,3,Y,N,,Y,Broad exception caught,,foi removida a linha com antipattern Broad exception caught
1,193,jax,8bc4e379f5fa726e89b9ca34c463b075f8b23259,https://github.com/google/jax/issues/883,https://github.com/google/jax,5,549,0,0,0,0,0,1,0,1,N,N,,N,,,
1,134,crackmapexec,4690ca29b90af7a6ff289b34a4f80e1483ba9293,https://github.com/porchetta-industries/crackmapexec/issues/43,https://github.com/porchetta-industries/crackmapexec,1,1,2,1,0,0,0,0,0,3,Y,N,,Y,Broad exception caught,,foi removida a linha com antipattern Broad exception caught
1,430,spyder,1ab873c2bc34da78ba12dade7d03f30dcded0207,https://github.com/spyder-ide/spyder/issues/489,https://github.com/spyder-ide/spyder,1,84,1,3,0,0,0,0,0,4,N,N,,N,,,
1,438,spyder,3fe066f0fa1b6b0de2e3807c3c1eb868a7f16ad2,https://github.com/spyder-ide/spyder/issues/1461,https://github.com/spyder-ide/spyder,1,27,1,0,0,1,0,0,0,2,Y,Y,Bare except,N,,,foi adicionado o antipattern Bare except
1,297,pandas,19dc2847afd74329664d6c42d98b75dcd70c14fa,https://github.com/pandas-dev/pandas/issues/2057,https://github.com/pandas-dev/pandas,3,205,2,5,0,3,0,14,0,24,Y,N,,Y,"Bare except,Broad exception caught",,foi removida a linha com antipattern Bare except
1,62,ansible,82cf70e0f34329fc669bf9111f55b0fbabe15d1b,https://github.com/ansible/ansible/issues/4925,https://github.com/ansible/ansible,1,7,2,0,0,0,0,0,0,2,N,N,,N,,,
1,78,ansible,b2dc7075df63ef871b072e79afce5dd0c348b772,https://github.com/ansible/ansible/issues/45951,https://github.com/ansible/ansible,1,4,0,2,0,0,0,0,0,2,Y,Y,Broad exception caught,Y,Broad exception caught,,foi adicionado o antipattern Broad exception caught
1,18,ansible,277dd54d45dd32a93a3448da4a7a696f4d905479,https://github.com/ansible/ansible/issues/64895,https://github.com/ansible/ansible,1,1,0,3,1,0,0,0,0,4,Y,Y,Broad exception caught,Y,"too-many-nested-blocks,Broad exception caught",,foi removida a linha com antipattern too-many-nested-blocks
1,283,openbbterminal,82e38cfdc164f21775dc7625e4f756ec1eaa7021,https://github.com/openbb-finance/openbbterminal/issues/1952,https://github.com/openbb-finance/openbbterminal,2,44,0,2,0,0,0,0,0,2,N,N,,N,,,
1,392,readthedocs.org,0f90a1abaeffbe9677787b785d1e9e670bcdf7f9,https://github.com/readthedocs/readthedocs.org/issues/3983,https://github.com/readthedocs/readthedocs.org,1,44,0,5,0,0,0,0,0,5,Y,N,,Y,Broad exception caught,,foi removida a linha com antipattern Broad exception caught
1,363,pytest,c36186ce65d84d4af328dc1f2f06d2e207387e18,https://github.com/pytest-dev/pytest/issues/326,https://github.com/pytest-dev/pytest,1,32,1,1,0,1,0,0,0,3,Y,N,,Y,"too-many-nested-blocks,Broad exception caught",,foi removida a linha com antipattern too-many-nested-blocks
1,371,python-prompt-toolkit,f53625f3585aca527970b287aee9684425e3991f,https://github.com/prompt-toolkit/python-prompt-toolkit/issues/9,https://github.com/prompt-toolkit/python-prompt-toolkit,1,17,1,3,0,0,0,0,0,4,Y,N,,Y,Broad exception caught,,foi removida a linha com antipattern Broad exception caught
1,324,pandas,e8a528d3a2c5d38ae231b96202977bcf23f9fe45,https://github.com/pandas-dev/pandas/issues/4016,https://github.com/pandas-dev/pandas,2,156,1,4,2,4,0,3,0,14,Y,N,,Y,"Bare except,Broad exception caught",,foi removida a linha com antipattern Broad exception caught
1,207,lightning,51ec9496573a788025f91cb29ca7c1d212be5124,https://github.com/lightning-ai/lightning/issues/16114,https://github.com/lightning-ai/lightning,22,298,14,9,0,0,0,16,0,39,Y,N,,Y,Broad exception caught,,foi removida a linha com antipattern Broad exception caught
1,114,awx,437d9843d17fbcc0c66fe1c0498a1e32de4e6d28,https://github.com/ansible/awx/issues/5528,https://github.com/ansible/awx,1,11,2,0,0,0,0,0,0,2,N,N,,N,,,
1,34,ansible,4c733fe4b73b152d8ff7d8d570e23f0b01eecfaa,https://github.com/ansible/ansible/issues/11404,https://github.com/ansible/ansible,3,29,2,1,0,0,0,0,0,3,Y,N,,Y,"too-many-nested-blocks,Broad exception caught",,foi removida a linha com antipattern Broad exception caught
1,61,ansible,82c806979be7dba21c1c00d26085e442e5a0b278,https://github.com/ansible/ansible/issues/3466,https://github.com/ansible/ansible,1,45,4,0,0,0,0,0,0,4,N,N,,N,,,
1,463,sqlmap,b31e141012119992d580e165953370647712d143,https://github.com/sqlmapproject/sqlmap/issues/772,https://github.com/sqlmapproject/sqlmap,1,17,4,3,0,0,0,0,0,7,N,N,,N,,,
1,226,mlflow,70fc2dd41162156d11f6070b2e75a478db7ad627,https://github.com/mlflow/mlflow/issues/5359,https://github.com/mlflow/mlflow,4,59,0,5,1,0,0,0,0,6,N,N,,N,,,
1,184,instapy,2df839d153222450829721adddac030a811bed91,https://github.com/instapy/instapy/issues/751,https://github.com/instapy/instapy,2,44,1,5,0,0,0,0,0,6,Y,N,,Y,"too-many-nested-blocks,Broad exception caught",,foi removida a linha com antipattern Broad exception caught
1,16,ansible,26f551d1c37277e5522836d7a6cb98de42c50fb7,https://github.com/ansible/ansible/issues/35538,https://github.com/ansible/ansible,3,49,3,10,0,2,0,9,0,24,Y,N,,Y,"Bare except,Broad exception caught",,foi removida a linha com antipattern Broad exception caught
1,225,mlflow,43700cb838992fddef848cff7f1a37197b035ee0,https://github.com/mlflow/mlflow/issues/1292,https://github.com/mlflow/mlflow,12,125,0,3,0,0,0,3,0,6,N,N,,N,,,
1,120,bokeh,c7f8badb586cb3e7cfc3e2d7f66770063069e220,https://github.com/bokeh/bokeh/issues/454,https://github.com/bokeh/bokeh,1,3,1,0,0,0,0,0,0,1,N,N,,N,,,
1,299,pandas,2d2606d8541ecf114b8708d9e6e8f9a1af7ee115,https://github.com/pandas-dev/pandas/issues/26765,https://github.com/pandas-dev/pandas,2,177,0,1,0,0,0,1,0,2,Y,N,,Y,Broad exception caught,,foi removida a linha com antipattern Broad exception caught
1,280,openbbterminal,663db92e337013fc8a77f8b65e1a6e13983310a1,https://github.com/openbb-finance/openbbterminal/issues/4145,https://github.com/openbb-finance/openbbterminal,2,25,0,10,0,0,0,0,0,10,N,N,,N,,,
1,19,ansible,285b9278894d3816e1ff8b6fa8c67be2efb731f4,https://github.com/ansible/ansible/issues/45242,https://github.com/ansible/ansible,9,46,2,1,0,2,0,0,0,5,Y,N,,Y,"too-many-nested-blocks,Bare except,Broad exception caught",,foi removida a linha com antipattern too-many-nested-blocks
1,154,freqtrade,8ffd6f2469a61846d2425f794053ad239a5e8e26,https://github.com/freqtrade/freqtrade/issues/3971,https://github.com/freqtrade/freqtrade,7,97,0,2,0,0,0,0,0,2,Y,N,,Y,Broad exception caught,,foi removida a linha com antipattern Broad exception caught
1,382,pytorch-lightning,f72e354ee62e0d07c6394a020c615d388d4206c8,https://github.com/pytorchlightning/pytorch-lightning/issues/687,https://github.com/pytorchlightning/pytorch-lightning,12,142,2,4,0,0,0,0,0,6,Y,N,,Y,Broad exception caught,,foi removida a linha com antipattern Broad exception caught
1,58,ansible,7acae62fa849481b2a5e2e2d56961c5e1dcea96c,https://github.com/ansible/ansible/issues/64373,https://github.com/ansible/ansible,2,55,0,4,0,0,0,0,0,4,Y,N,,Y,Broad exception caught,,foi removida a linha com antipattern Broad exception caught
1,361,pytest,60e9698530c7cda7d46cd8046ab26b48d22a2aa6,https://github.com/pytest-dev/pytest/issues/1338,https://github.com/pytest-dev/pytest,2,44,1,0,1,0,0,0,0,2,N,N,,N,,,
1,174,gamestonkterminal,ee82ff0f9875ba07986b4196bfab0780b4947bc3,https://github.com/gamestonkterminal/gamestonkterminal/issues/1432,https://github.com/gamestonkterminal/gamestonkterminal,5,21,0,1,0,0,0,0,0,1,N,N,,N,,,
1,441,spyder,4f0177b01f3b564fc4d0482684989f64586562c8,https://github.com/spyder-ide/spyder/issues/2,https://github.com/spyder-ide/spyder,11,615,9,1,0,7,0,0,0,17,Y,Y,Bare except,Y,"too-many-nested-blocks,lost-exception,Bare except,Broad exception caught",,foi removida a linha com antipattern too-many-nested-blocks
1,481,wagtail,8d1835f55c1700ec003fb11d299a7769a800a54c,https://github.com/wagtail/wagtail/issues/8699,https://github.com/wagtail/wagtail,4,107,1,2,1,0,0,2,0,6,N,N,,N,,,
1,65,ansible,89be328a296a9801694fada6f2c72254629050c7,https://github.com/ansible/ansible/issues/58690,https://github.com/ansible/ansible,1,28,0,1,0,0,0,4,0,5,Y,N,,Y,too-many-nested-blocks,,foi removida a linha com antipattern too-many-nested-blocks
1,42,ansible,6000db7e5d6da1ac61bc40eb6788466a1005f3a7,https://github.com/ansible/ansible/issues/9636,https://github.com/ansible/ansible,2,78,3,6,1,4,1,0,0,15,N,N,,N,,,
1,444,spyder,7d514cd9e146600d6a04c5b5267d0ae2d2440077,https://github.com/spyder-ide/spyder/issues/837,https://github.com/spyder-ide/spyder,2,148,8,0,0,2,0,0,0,10,N,N,,N,,,
1,459,sqlmap,5929c89ba4177a736e2306f2b637bf4f227a5869,https://github.com/sqlmapproject/sqlmap/issues/143,https://github.com/sqlmapproject/sqlmap,1,120,5,0,0,1,0,0,0,6,N,N,,N,,,
1,300,pandas,2e646147349bafa7f0b2e9ce26d1e27e3015d3b3,https://github.com/pandas-dev/pandas/issues/14620,https://github.com/pandas-dev/pandas,4,390,7,21,2,2,0,1,0,33,Y,Y,Broad exception caught,Y,"too-many-nested-blocks,Bare except,Broad exception caught",,foi removida a linha com antipattern Bare except
1,7,ansible,10fc4417f763f264e30c974541ec4cfd699d83d2,https://github.com/ansible/ansible/issues/26511,https://github.com/ansible/ansible,2,61,1,5,0,2,0,0,0,8,Y,Y,Bare except,Y,"Bare except,Broad exception caught",,foi removida a linha com antipattern Broad exception caught
1,40,ansible,587ab17f10cbb1a24782ec404eccfe91cb3ae852,https://github.com/ansible/ansible/issues/10434,https://github.com/ansible/ansible,3,22,0,0,0,3,0,0,0,3,N,N,,N,,,
1,341,psutil,0582a3249b388658816bceb9f83d47cac6862e57,https://github.com/giampaolo/psutil/issues/286,https://github.com/giampaolo/psutil,2,104,6,0,0,1,0,0,0,7,N,N,,N,,,
1,160,gamestonkterminal,4303bdc682e67d26e9ed92ab647cf5afae4e142c,https://github.com/gamestonkterminal/gamestonkterminal/issues/3882,https://github.com/gamestonkterminal/gamestonkterminal,3,29,0,3,0,0,0,0,0,3,N,N,,N,,,
1,285,openbbterminal,a0a22ee2cff2be0f062de0ec60bf096e2cb1a51a,https://github.com/openbb-finance/openbbterminal/issues/1089,https://github.com/openbb-finance/openbbterminal,33,33,0,38,0,0,0,117,0,155,N,N,,N,,,
1,305,pandas,5a521713f3892539b648bc2735d3cc502feb2b48,https://github.com/pandas-dev/pandas/issues/13598,https://github.com/pandas-dev/pandas,2,180,0,0,0,1,0,0,0,1,N,N,,N,,,
1,50,ansible,72a44e144a5c80affd10795e032da9c7b200026f,https://github.com/ansible/ansible/issues/51134,https://github.com/ansible/ansible,1,17,1,3,0,0,0,4,0,8,Y,N,,Y,Broad exception caught,,foi removida a linha com antipattern Broad exception caught
1,257,numba,aed490bbb40f77b76604676e07778c1a85a4e1d4,https://github.com/numba/numba/issues/7394,https://github.com/numba/numba,4,156,1,3,0,0,0,0,0,4,Y,N,,Y,"too-many-nested-blocks,Broad exception caught",,foi removida a linha com antipattern too-many-nested-blocks
1,142,datasette,0159662ab8ccb363c59647861360e0cb7a6f930d,https://github.com/simonw/datasette/issues/1682,https://github.com/simonw/datasette,2,12,2,1,0,0,0,0,0,3,Y,N,,Y,Broad exception caught,,foi removida a linha com antipattern Broad exception caught
1,90,ansible,cee3d539cbfd6bfe39ed3902112a06461cf0ea39,https://github.com/ansible/ansible/issues/58173,https://github.com/ansible/ansible,1,25,1,1,0,0,0,0,0,2,Y,N,,Y,Broad exception caught,,foi removida a linha com antipattern Broad exception caught
1,156,gamestonkterminal,1186939884bdb85321f016aabf3f3586fd0bbfc1,https://github.com/gamestonkterminal/gamestonkterminal/issues/2781,https://github.com/gamestonkterminal/gamestonkterminal,5,182,0,11,0,0,0,1,0,12,N,N,,N,,,
1,144,discord.py,d921a039118af35ba63c28465b38319d2628a9df,https://github.com/rapptz/discord.py/issues/7656,https://github.com/rapptz/discord.py,1,116,3,0,0,0,0,0,0,3,N,N,,N,,,
1,115,awx,5cf33f57a417eeef8a9d9d7c0132e2eaf86a784f,https://github.com/ansible/awx/issues/6253,https://github.com/ansible/awx,2,123,15,6,0,0,0,0,0,21,Y,N,,Y,"too-many-nested-blocks,Broad exception caught",,foi removida a linha com antipattern too-many-nested-blocks
1,417,salt,f625e6d3a950ed9682d85ec17be8ceee18ada4b9,https://github.com/saltstack/salt/issues/36866,https://github.com/saltstack/salt,3,101,23,5,0,0,0,0,0,28,N,N,,N,,,
1,403,salt,13d961c6fa26968443fd16f5466b5b0624ba7eb3,https://github.com/saltstack/salt/issues/58963,https://github.com/saltstack/salt,2,49,7,4,0,0,0,0,0,11,N,N,,N,,,
1,196,jupyterhub,92c6a23a13cc75a45e750f25bc5d76ed5cb49445,https://github.com/jupyterhub/jupyterhub/issues/3716,https://github.com/jupyterhub/jupyterhub,2,66,0,2,0,0,0,4,0,6,Y,N,,Y,Broad exception caught,,foi removida a linha com antipattern Broad exception caught
1,162,gamestonkterminal,47f3e76987060b6f5709cc4a2d3644816fe6539c,https://github.com/gamestonkterminal/gamestonkterminal/issues/4433,https://github.com/gamestonkterminal/gamestonkterminal,4,67,1,2,0,0,0,0,0,3,N,N,,N,,,
1,192,jax,62603fde67eea6087e3b094f72f7cc214cf9701c,https://github.com/google/jax/issues/746,https://github.com/google/jax,2,105,0,1,0,0,0,0,0,1,Y,N,,Y,Broad exception caught,,foi removida a linha com antipattern Broad exception caught
1,443,spyder,79e5c9f4e2ff96a610d5617bfa17a28c7064ca20,https://github.com/spyder-ide/spyder/issues/876,https://github.com/spyder-ide/spyder,5,114,4,0,0,0,0,0,0,4,N,N,,N,,,
1,318,pandas,a19ab47cc008d77217f4c3f1d72e4f1e945c5312,https://github.com/pandas-dev/pandas/issues/3742,https://github.com/pandas-dev/pandas,18,1897,35,32,1,15,0,21,0,104,Y,N,,Y,"too-many-nested-blocks,Bare except,Broad exception caught",,foi removida a linha com antipattern Broad exception caught
1,367,pytest,fd2f172258d120912b6cb5fb2b9e7eab714b6098,https://github.com/pytest-dev/pytest/issues/37,https://github.com/pytest-dev/pytest,6,177,2,11,1,0,0,0,0,14,Y,N,,Y,"Bare except,Broad exception caught",,foi removida a linha com antipattern Bare except
1,437,spyder,3f979c431bd9eddd34b9193ca68b0bea50d847ae,https://github.com/spyder-ide/spyder/issues/19686,https://github.com/spyder-ide/spyder,6,145,21,27,3,16,0,0,0,67,Y,Y,Broad exception caught,Y,"Bare except,Broad exception caught",,foi removida a linha com antipattern Broad exception caught